  0.360000E+04   0.101138E-03   0.154914E-03  -0.101611E-01  -0.362837E-02  -0.737359E-02  -0.137188E-01  -0.150638E-01   0.207435E-02   0.586972E-03   0.295674E-03   0.124073E-03  -0.348086E-04  -0.135413E-03   0.456836E-03  -0.528794E-02   0.385270E-03   0.391892E-03  -0.646156E-03  -0.546662E-03  -0.114148E-02   0.335387E-03  -0.751886E-04  -0.448582E-03   0.141362E-03   0.227047E-03  -0.134774E-02  -0.152582E-02  -0.153935E-02   0.104244E-03   0.181278E-05   0.214580E-03   0.185624E-03  -0.152582E-02  -0.475566E-03  -0.972150E-03  -0.875145E-03   0.298937E-03  -0.553740E-02  -0.790711E-04   0.206087E-03   0.195204E-03   0.183662E-04  -0.312377E-03   0.249323E-03   0.249294E-03  -0.489824E-05  -0.648407E-03   0.170938E-03   0.230490E-03  -0.129426E-03  -0.315752E-03  -0.780266E-03  -0.415128E-03  -0.921583E-03  -0.661755E-03  -0.141464E-02  -0.116340E-02  -0.121475E-02  -0.376599E-02  -0.405704E-02   0.179781E-03
  0.720000E+04  -0.194675E-03  -0.759719E-03  -0.129392E-01  -0.120335E-01  -0.256019E-01  -0.270758E-01  -0.297460E-01   0.395188E-02   0.288451E-03   0.280089E-03   0.293327E-03  -0.503062E-03  -0.687090E-02  -0.248749E-02  -0.226024E-01  -0.442868E-02  -0.439970E-02  -0.170983E-01  -0.171945E-01  -0.168078E-01  -0.731380E-02  -0.525505E-02  -0.610844E-02  -0.118308E-01  -0.128728E-01  -0.219783E-01  -0.222378E-01  -0.125002E-01  -0.149782E-01  -0.152722E-01  -0.135977E-01  -0.113362E-01  -0.222378E-01  -0.178162E-01  -0.210472E-01  -0.203837E-01   0.551370E-02  -0.163921E-01  -0.108925E-01  -0.123894E-01  -0.122438E-01  -0.129153E-01  -0.126765E-01  -0.132625E-01  -0.137158E-01  -0.137230E-01  -0.140909E-01  -0.136955E-01  -0.136545E-01  -0.152088E-01  -0.159171E-01  -0.156089E-01  -0.172399E-01  -0.174761E-01  -0.189159E-01  -0.194490E-01  -0.217176E-01  -0.217462E-01  -0.241976E-01  -0.240689E-01  -0.124310E-01
  0.108000E+05  -0.263401E-03  -0.149372E-02  -0.787686E-02  -0.134136E-01  -0.321650E-01  -0.314371E-01  -0.345159E-01   0.347934E-02   0.128046E-02   0.125547E-03   0.381598E-03  -0.248680E-03  -0.185214E-01  -0.111994E-01  -0.332451E-01  -0.155274E-01  -0.155135E-01  -0.306552E-01  -0.381413E-01  -0.376399E-01  -0.238215E-01  -0.136326E-01  -0.156788E-01  -0.324149E-01  -0.332230E-01  -0.355823E-01  -0.355639E-01  -0.308581E-01  -0.342274E-01  -0.343388E-01  -0.336074E-01  -0.269614E-01  -0.355639E-01  -0.351031E-01  -0.359046E-01  -0.358126E-01   0.110354E-01  -0.295021E-01  -0.309639E-01  -0.330036E-01  -0.326364E-01  -0.328368E-01  -0.322729E-01  -0.334243E-01  -0.337392E-01  -0.333585E-01  -0.329242E-01  -0.335863E-01  -0.335935E-01  -0.341641E-01  -0.343940E-01  -0.337147E-01  -0.350030E-01  -0.345115E-01  -0.353847E-01  -0.350656E-01  -0.357463E-01  -0.355581E-01  -0.345290E-01  -0.342460E-01  -0.327828E-01
  0.144000E+05  -0.793055E-03  -0.771852E-02   0.442510E-02  -0.333834E-02  -0.222825E-01  -0.189540E-01  -0.215756E-01   0.837201E-02  -0.996515E-03  -0.339999E-02   0.419529E-03  -0.136270E-02  -0.231593E-01  -0.176045E-01  -0.260529E-01  -0.216164E-01  -0.216168E-01  -0.280115E-01  -0.362256E-01  -0.363965E-01  -0.253641E-01  -0.285747E-01  -0.289629E-01  -0.400615E-01  -0.398314E-01  -0.297190E-01  -0.294265E-01  -0.343363E-01  -0.376624E-01  -0.373346E-01  -0.392294E-01  -0.305322E-01  -0.294265E-01  -0.343717E-01  -0.310140E-01  -0.317157E-01   0.113134E-01  -0.282581E-01  -0.392820E-01  -0.402374E-01  -0.398722E-01  -0.387883E-01  -0.377711E-01  -0.395483E-01  -0.392564E-01  -0.383057E-01  -0.364566E-01  -0.389690E-01  -0.391358E-01  -0.371331E-01  -0.363126E-01  -0.355457E-01  -0.351568E-01  -0.341143E-01  -0.332198E-01  -0.321024E-01  -0.301900E-01  -0.299099E-01  -0.264927E-01  -0.262557E-01  -0.398011E-01
  0.180000E+05  -0.208389E-02  -0.104924E-01   0.252018E-01   0.602234E-02   0.287011E-02   0.788857E-02   0.809729E-02   0.210064E-01  -0.377355E-02  -0.282786E-02   0.536190E-03  -0.405849E-02  -0.144967E-01  -0.153884E-01  -0.713798E-03  -0.157923E-01  -0.158067E-01  -0.866130E-02  -0.758338E-02  -0.845436E-02  -0.137215E-01  -0.276221E-01  -0.254291E-01  -0.191854E-01  -0.177711E-01  -0.484977E-02  -0.443550E-02  -0.155154E-01  -0.145140E-01  -0.141094E-01  -0.166702E-01  -0.121950E-01  -0.443550E-02  -0.104315E-01  -0.699021E-02  -0.689044E-02   0.437862E-02  -0.131809E-01  -0.203502E-01  -0.185631E-01  -0.185577E-01  -0.173578E-01  -0.172272E-01  -0.172003E-01  -0.164951E-01  -0.162236E-01  -0.150888E-01  -0.164753E-01  -0.165894E-01  -0.141312E-01  -0.130881E-01  -0.131312E-01  -0.112505E-01  -0.107043E-01  -0.889232E-02  -0.799927E-02  -0.546691E-02  -0.521591E-02  -0.129590E-02  -0.122233E-02  -0.183212E-01
  0.216000E+05  -0.425995E-02   0.422947E-02   0.535050E-01   0.248449E-01   0.375798E-01   0.428790E-01   0.446951E-01   0.360165E-01   0.220973E-02   0.960515E-02   0.633731E-03  -0.371703E-02   0.688594E-02  -0.179853E-02   0.334738E-01   0.305255E-02   0.301321E-02   0.221164E-01   0.325020E-01   0.311804E-01   0.987415E-02  -0.105171E-01  -0.576996E-02   0.179362E-01   0.193430E-01   0.334767E-01   0.338316E-01   0.187567E-01   0.224283E-01   0.230476E-01   0.203555E-01   0.172776E-01   0.338316E-01   0.269824E-01   0.253452E-01   0.312283E-01  -0.659925E-02   0.166105E-01   0.159803E-01   0.184407E-01   0.181636E-01   0.193085E-01   0.190034E-01   0.197753E-01   0.205871E-01   0.204965E-01   0.210728E-01   0.204621E-01   0.203800E-01   0.228061E-01   0.239257E-01   0.233377E-01   0.261116E-01   0.262190E-01   0.286391E-01   0.294251E-01   0.326420E-01   0.330475E-01   0.359282E-01   0.356901E-01   0.186001E-01
  0.252000E+05  -0.773727E-02   0.345432E-01   0.816731E-01   0.467542E-01   0.687015E-01   0.715196E-01   0.726965E-01   0.597976E-01   0.158750E-01   0.280791E-01   0.660118E-03   0.456252E-02   0.275096E-01   0.157708E-01   0.651247E-01   0.235381E-01   0.234959E-01   0.511130E-01   0.686164E-01   0.674109E-01   0.321347E-01   0.154732E-01   0.210420E-01   0.547165E-01   0.562712E-01   0.679659E-01   0.681815E-01   0.539438E-01   0.593301E-01   0.595915E-01   0.571561E-01   0.465102E-01   0.681815E-01   0.629222E-01   0.561997E-01   0.662889E-01  -0.172882E-01   0.492633E-01   0.521416E-01   0.552399E-01   0.547830E-01   0.557381E-01   0.550650E-01   0.561248E-01   0.574055E-01   0.569974E-01   0.570109E-01   0.571989E-01   0.572057E-01   0.592493E-01   0.602014E-01   0.592540E-01   0.621626E-01   0.619231E-01   0.643480E-01   0.647377E-01   0.672612E-01   0.676509E-01   0.690164E-01   0.687542E-01   0.553894E-01
  0.288000E+05  -0.802076E-02   0.710371E-01   0.102676E+00   0.688407E-01   0.858590E-01   0.808268E-01   0.783272E-01   0.830427E-01   0.396033E-01   0.549594E-01   0.550190E-03   0.246007E-01   0.402440E-01   0.258836E-01   0.836515E-01   0.362753E-01   0.362446E-01   0.713337E-01   0.932512E-01   0.938055E-01   0.480922E-01   0.475883E-01   0.518058E-01   0.856187E-01   0.857523E-01   0.893040E-01   0.893447E-01   0.811364E-01   0.868200E-01   0.865549E-01   0.859723E-01   0.688836E-01   0.893447E-01   0.877863E-01   0.781440E-01   0.890858E-01  -0.248427E-01   0.767539E-01   0.832733E-01   0.851961E-01   0.847523E-01   0.848795E-01   0.839944E-01   0.858706E-01   0.861125E-01   0.854451E-01   0.845890E-01   0.858903E-01   0.858839E-01   0.865207E-01   0.867675E-01   0.856597E-01   0.875237E-01   0.868466E-01   0.881513E-01   0.880602E-01   0.888535E-01   0.891382E-01   0.886894E-01   0.883619E-01   0.853327E-01
  0.324000E+05   0.105736E-02   0.101169E+00   0.113109E+00   0.891807E-01   0.771130E-01   0.615705E-01   0.515710E-01   0.104581E+00   0.696136E-01   0.804548E-01   0.415834E-03   0.577332E-01   0.454394E-01   0.311179E-01   0.785223E-01   0.427943E-01   0.427935E-01   0.764230E-01   0.878759E-01   0.958338E-01   0.572940E-01   0.717580E-01   0.745828E-01   0.999693E-01   0.994413E-01   0.899295E-01   0.896039E-01   0.924585E-01   0.977152E-01   0.973011E-01   0.989288E-01   0.783625E-01   0.896039E-01   0.945700E-01   0.828070E-01   0.923163E-01  -0.272519E-01   0.877757E-01   0.987261E-01   0.994092E-01   0.990373E-01   0.982579E-01   0.971001E-01   0.991954E-01   0.989983E-01   0.978711E-01   0.956968E-01   0.986540E-01   0.987792E-01   0.970117E-01   0.962596E-01   0.950464E-01   0.953632E-01   0.940231E-01   0.935954E-01   0.923014E-01   0.900199E-01   0.900882E-01   0.855871E-01   0.852480E-01   0.993622E-01
  0.360000E+05   0.179843E-01   0.123981E+00   0.106388E+00   0.103562E+00   0.370638E-01   0.140196E-01  -0.399229E-02   0.122517E+00   0.984147E-01   0.108666E+00   0.342987E-03   0.935342E-01   0.402486E-01   0.317149E-01   0.439198E-01   0.406051E-01   0.406402E-01   0.555228E-01   0.572088E-01   0.543345E-01   0.513126E-01   0.795290E-01   0.785685E-01   0.824504E-01   0.799914E-01   0.559363E-01   0.552806E-01   0.742696E-01   0.742755E-01   0.733925E-01   0.782361E-01   0.606396E-01   0.552806E-01   0.666904E-01   0.568879E-01   0.600975E-01  -0.193598E-01   0.615887E-01   0.833086E-01   0.809874E-01   0.808888E-01   0.789991E-01   0.783400E-01   0.789435E-01   0.780941E-01   0.771199E-01   0.746084E-01   0.778089E-01   0.779429E-01   0.735284E-01   0.716078E-01   0.713315E-01   0.683103E-01   0.670587E-01   0.640626E-01   0.622350E-01   0.566719E-01   0.564192E-01   0.494356E-01   0.493514E-01   0.808203E-01
  0.396000E+05   0.363136E-01   0.140206E+00   0.730477E-01   0.102993E+00  -0.238287E-01  -0.539200E-01  -0.788173E-01   0.125352E+00   0.130620E+00   0.133086E+00   0.279781E-03   0.130789E+00   0.202614E-01   0.246844E-01  -0.113626E-01   0.248941E-01   0.249626E-01   0.868494E-02   0.483207E-02   0.531277E-02   0.218487E-01   0.616128E-01   0.561373E-01   0.289162E-01   0.262875E-01  -0.189194E-02  -0.265201E-02   0.248979E-01   0.201766E-01   0.189577E-01   0.243247E-01   0.176735E-01  -0.265201E-02   0.112578E-01   0.204827E-03   0.246309E-02  -0.301452E-02   0.935879E-02   0.319181E-01   0.275729E-01   0.278817E-01   0.259526E-01   0.261526E-01   0.252876E-01   0.240223E-01   0.236593E-01   0.218688E-01   0.240108E-01   0.241752E-01   0.192443E-01   0.169852E-01   0.175673E-01   0.130254E-01   0.121782E-01   0.795727E-02   0.558717E-02  -0.127368E-02  -0.127682E-02  -0.902983E-02  -0.890982E-02   0.274653E-01
  0.432000E+05   0.534694E-01   0.142381E+00   0.258306E-01   0.746652E-01  -0.907918E-01  -0.122865E+00  -0.151327E+00   0.109509E+00   0.149532E+00   0.142974E+00   0.190886E-03   0.157404E+00  -0.149803E-01   0.346166E-02  -0.762592E-01  -0.606668E-02  -0.599071E-02  -0.467564E-01  -0.447535E-01  -0.566017E-01  -0.189024E-01   0.246758E-01   0.170765E-01  -0.349166E-01  -0.381109E-01  -0.711155E-01  -0.717377E-01  -0.371437E-01  -0.449624E-01  -0.368427E-01  -0.403772E-01  -0.340885E-01  -0.717377E-01  -0.555879E-01  -0.697730E-01  -0.665068E-01   0.166713E-01  -0.531083E-01  -0.308509E-01  -0.371807E-01  -0.358553E-01  -0.381026E-01  -0.374193E-01  -0.391891E-01  -0.407993E-01  -0.409222E-01  -0.423236E-01  -0.407150E-01  -0.405594E-01  -0.462980E-01  -0.488982E-01  -0.475236E-01  -0.534688E-01  -0.541167E-01  -0.599692E-01  -0.624185E-01  -0.712097E-01  -0.705517E-01  -0.770295E-01  -0.765888E-01  -0.364212E-01
  0.468000E+05   0.698013E-01   0.122601E+00  -0.285990E-01   0.399369E-01  -0.148837E+00  -0.177074E+00  -0.202329E+00   0.690504E-01   0.152955E+00   0.131627E+00   0.147401E-03   0.169368E+00  -0.469538E-01  -0.179310E-01  -0.137147E+00  -0.327531E-01  -0.326691E-01  -0.984200E-01  -0.113984E+00  -0.120375E+00  -0.521198E-01  -0.238488E-01  -0.282975E-01  -0.959357E-01  -0.980929E-01  -0.133457E+00  -0.133945E+00  -0.966681E-01  -0.105989E+00  -0.106828E+00  -0.100977E+00  -0.821084E-01  -0.133945E+00  -0.116753E+00  -0.131032E+00  -0.128770E+00   0.347476E-01  -0.112117E+00  -0.924725E-01  -0.978858E-01  -0.959699E-01  -0.987347E-01  -0.981231E-01  -0.986736E-01  -0.101365E+00  -0.101469E+00  -0.102672E+00  -0.101298E+00  -0.101111E+00  -0.106789E+00  -0.109462E+00  -0.107827E+00  -0.114352E+00  -0.114822E+00  -0.121455E+00  -0.124166E+00  -0.133676E+00  -0.133032E+00  -0.138103E+00  -0.137487E+00  -0.968630E-01
  0.504000E+05   0.832033E-01   0.733227E-01  -0.842162E-01   0.352292E-02  -0.182195E+00  -0.196036E+00  -0.211557E+00   0.581550E-02   0.128431E+00   0.949595E-01   0.257363E-03   0.153421E+00  -0.699838E-01  -0.323899E-01  -0.176818E+00  -0.528251E-01  -0.527539E-01  -0.139335E+00  -0.173361E+00  -0.175414E+00  -0.822170E-01  -0.710996E-01  -0.739851E-01  -0.152834E+00  -0.154467E+00  -0.179202E+00  -0.179416E+00  -0.150540E+00  -0.159999E+00  -0.160678E+00  -0.156664E+00  -0.125660E+00  -0.179416E+00  -0.167977E+00  -0.176215E+00  -0.176986E+00   0.502144E-01  -0.157343E+00  -0.149672E+00  -0.154707E+00  -0.152517E+00  -0.154695E+00  -0.153757E+00  -0.155721E+00  -0.156972E+00  -0.156746E+00  -0.156881E+00  -0.156825E+00  -0.156614E+00  -0.160708E+00  -0.162635E+00  -0.160754E+00  -0.166296E+00  -0.166097E+00  -0.171558E+00  -0.173260E+00  -0.179509E+00  -0.178993E+00  -0.180184E+00  -0.179515E+00  -0.153453E+00
  0.540000E+05   0.889757E-01  -0.373376E-02  -0.128791E+00  -0.409929E-01  -0.179655E+00  -0.171787E+00  -0.171836E+00  -0.652903E-01   0.780953E-01   0.364784E-01   0.472554E-03   0.105960E+00  -0.854138E-01  -0.444132E-01  -0.182314E+00  -0.688372E-01  -0.688000E-01  -0.160799E+00  -0.203049E+00  -0.201628E+00  -0.105585E+00  -0.112461E+00  -0.114615E+00  -0.194023E+00  -0.195100E+00  -0.194230E+00  -0.193940E+00  -0.185939E+00  -0.194704E+00  -0.181847E+00  -0.195326E+00  -0.154796E+00  -0.193940E+00  -0.195610E+00  -0.193236E+00  -0.196476E+00   0.590344E-01  -0.177308E+00  -0.191336E+00  -0.194823E+00  -0.193798E+00  -0.193730E+00  -0.191941E+00  -0.195239E+00  -0.195362E+00  -0.194162E+00  -0.191971E+00  -0.195060E+00  -0.194854E+00  -0.194717E+00  -0.194795E+00  -0.192863E+00  -0.195514E+00  -0.194004E+00  -0.195928E+00  -0.195124E+00  -0.195004E+00  -0.194382E+00  -0.189302E+00  -0.188617E+00  -0.194769E+00
  0.576000E+05   0.792238E-01  -0.940839E-01  -0.157638E+00  -0.928007E-01  -0.135623E+00  -0.106923E+00  -0.873864E-01  -0.148097E+00   0.812820E-02  -0.379306E-01   0.805306E-03   0.340284E-01  -0.894575E-01  -0.549125E-01  -0.141580E+00  -0.779042E-01  -0.779037E-01  -0.146181E+00  -0.171156E+00  -0.170562E+00  -0.114405E+00  -0.139732E+00  -0.140013E+00  -0.195079E+00  -0.193270E+00  -0.158394E+00  -0.157573E+00  -0.182521E+00  -0.184901E+00  -0.179201E+00  -0.190578E+00  -0.149156E+00  -0.157573E+00  -0.174732E+00  -0.161226E+00  -0.165555E+00   0.538468E-01  -0.173566E+00  -0.195579E+00  -0.191566E+00  -0.190916E+00  -0.191135E+00  -0.189717E+00  -0.191571E+00  -0.190291E+00  -0.188869E+00  -0.184801E+00  -0.190012E+00  -0.190099E+00  -0.184158E+00  -0.181563E+00  -0.180680E+00  -0.177186E+00  -0.174983E+00  -0.170559E+00  -0.168122E+00  -0.159622E+00  -0.158962E+00  -0.148675E+00  -0.148429E+00  -0.193234E+00
  0.612000E+05   0.574774E-01  -0.184291E+00  -0.167623E+00  -0.141812E+00  -0.609838E-01  -0.120776E-01   0.244721E-01  -0.225204E+00  -0.755085E-01  -0.121925E+00   0.111163E-02  -0.510870E-01  -0.741978E-01  -0.589521E-01  -0.651573E-01  -0.722468E-01  -0.722779E-01  -0.866817E-01  -0.974290E-01  -0.100178E+00  -0.915167E-01  -0.139149E+00  -0.135474E+00  -0.132557E+00  -0.128544E+00  -0.821023E-01  -0.811164E-01  -0.129121E+00  -0.117115E+00  -0.116265E+00  -0.124474E+00  -0.956777E-01  -0.811164E-01  -0.104970E+00  -0.864161E-01  -0.908990E-01   0.333838E-01  -0.128880E+00  -0.138545E+00  -0.129768E+00  -0.129276E+00  -0.128194E+00  -0.129568E+00  -0.125667E+00  -0.123578E+00  -0.124450E+00  -0.122940E+00  -0.124247E+00  -0.123999E+00  -0.117380E+00  -0.114200E+00  -0.115808E+00  -0.107996E+00  -0.107037E+00  -0.991943E-01  -0.966118E-01  -0.834052E-01  -0.829869E-01  -0.721485E-01  -0.727910E-01  -0.129475E+00
  0.648000E+05   0.329164E-01  -0.262164E+00  -0.147289E+00  -0.172285E+00   0.249733E-01   0.903063E-01   0.140280E+00  -0.276366E+00  -0.160280E+00  -0.200659E+00   0.141111E-02  -0.138727E+00  -0.331887E-01  -0.445707E-01   0.195063E-01  -0.411408E-01  -0.412046E-01  -0.118414E-01  -0.703551E-02  -0.860304E-02  -0.273648E-01  -0.967161E-01  -0.891932E-01  -0.403042E-01  -0.361222E-01   0.104045E-01   0.112615E-01  -0.421176E-01  -0.267699E-01  -0.261485E-01  -0.334258E-01  -0.234032E-01   0.112615E-01  -0.143958E-01  -0.860601E-02   0.852247E-03   0.657783E-02  -0.446976E-01  -0.461046E-01  -0.385601E-01  -0.391005E-01  -0.375353E-01  -0.393481E-01  -0.342854E-01  -0.323248E-01  -0.340990E-01  -0.336404E-01  -0.334339E-01  -0.329060E-01  -0.273157E-01  -0.242526E-01  -0.267407E-01  -0.175826E-01  -0.175962E-01  -0.835216E-02  -0.608453E-02   0.823079E-02   0.924132E-02   0.179802E-01   0.166310E-01  -0.383676E-01
  0.684000E+05   0.673532E-02  -0.304990E+00  -0.120415E+00  -0.167522E+00   0.111380E+00   0.175425E+00   0.228829E+00  -0.300897E+00  -0.237389E+00  -0.263591E+00   0.177832E-02  -0.221344E+00   0.144251E-01  -0.593513E-02   0.104492E+00   0.825363E-02   0.826030E-02   0.600630E-01   0.979645E-01   0.873228E-01   0.239913E-01  -0.327248E-01  -0.220976E-01   0.494180E-01   0.557911E-01   0.104632E+00   0.105337E+00   0.458311E-01   0.670776E-01   0.680563E-01   0.588752E-01   0.506513E-01   0.105337E+00   0.801879E-01   0.765713E-01   0.944772E-01  -0.207848E-01   0.328299E-01   0.416050E-01   0.525881E-01   0.515588E-01   0.528953E-01   0.498512E-01   0.582033E-01   0.602447E-01   0.571602E-01   0.562954E-01   0.586657E-01   0.601070E-01   0.651284E-01   0.682199E-01   0.641920E-01   0.757442E-01   0.747266E-01   0.850299E-01   0.864458E-01   0.102532E+00   0.103423E+00   0.109092E+00   0.107114E+00   0.526397E-01
  0.720000E+05  -0.206825E-01  -0.302387E+00  -0.875583E-01  -0.156289E+00   0.172916E+00   0.224040E+00   0.272597E+00  -0.289817E+00  -0.296664E+00  -0.302472E+00   0.216533E-02  -0.291735E+00   0.481018E-01   0.184553E-01   0.167129E+00   0.396788E-01   0.396875E-01   0.118601E+00   0.177763E+00   0.173356E+00   0.653966E-01   0.251930E-01   0.359924E-01   0.126489E+00   0.130856E+00   0.169811E+00   0.170203E+00   0.122018E+00   0.139797E+00   0.140816E+00   0.132823E+00   0.136926E+00   0.170203E+00   0.150345E+00   0.140441E+00   0.160277E+00   0.817889E-01   0.107141E+00   0.119894E+00   0.127541E+00   0.127199E+00   0.128967E+00   0.126647E+00   0.128567E+00   0.133901E+00   0.132396E+00   0.131692E+00   0.133175E+00   0.135344E+00   0.138621E+00   0.140893E+00   0.137766E+00   0.146266E+00   0.145675E+00   0.153963E+00   0.154895E+00   0.167808E+00   0.168574E+00   0.172186E+00   0.170415E+00   0.128635E+00
  0.756000E+05  -0.485546E-01  -0.255128E+00  -0.544883E-01  -0.147373E+00   0.194724E+00   0.223316E+00   0.261590E+00  -0.247574E+00  -0.326266E+00  -0.305964E+00   0.243001E-02  -0.339341E+00   0.698725E-01   0.338018E-01   0.192383E+00   0.608023E-01   0.608141E-01   0.153585E+00   0.216580E+00   0.223529E+00   0.970284E-01   0.820077E-01   0.919678E-01   0.181057E+00   0.185235E+00   0.201096E+00   0.201250E+00   0.173647E+00   0.189946E+00   0.190446E+00   0.186758E+00   0.188754E+00   0.201250E+00   0.194114E+00   0.175685E+00   0.197915E+00   0.178558E+00   0.159124E+00   0.176279E+00   0.182109E+00   0.181874E+00   0.183193E+00   0.180529E+00   0.185964E+00   0.187396E+00   0.185347E+00   0.182930E+00   0.186628E+00   0.188070E+00   0.188575E+00   0.189363E+00   0.186312E+00   0.191252E+00   0.190537E+00   0.195290E+00   0.194464E+00   0.199875E+00   0.200582E+00   0.199113E+00   0.197643E+00   0.183388E+00
  0.792000E+05  -0.762381E-01  -0.185223E+00  -0.274362E-01  -0.128910E+00   0.168689E+00   0.177662E+00   0.198021E+00  -0.175592E+00  -0.314022E+00  -0.271434E+00   0.248080E-02  -0.350065E+00   0.810139E-01   0.459326E-01   0.171505E+00   0.742255E-01   0.742574E-01   0.155679E+00   0.207887E+00   0.208892E+00   0.112729E+00   0.123508E+00   0.131221E+00   0.196632E+00   0.197458E+00   0.185360E+00   0.184919E+00   0.184483E+00   0.197004E+00   0.196337E+00   0.197482E+00   0.197398E+00   0.184919E+00   0.191916E+00   0.168248E+00   0.188029E+00   0.192738E+00   0.161494E+00   0.193906E+00   0.195697E+00   0.195577E+00   0.195516E+00   0.192930E+00   0.197590E+00   0.197560E+00   0.195527E+00   0.191483E+00   0.197065E+00   0.197974E+00   0.194914E+00   0.193732E+00   0.191058E+00   0.192745E+00   0.190077E+00   0.190104E+00   0.187377E+00   0.185135E+00   0.185341E+00   0.178433E+00   0.177362E+00   0.196868E+00
  0.828000E+05  -0.100274E+00  -0.108512E+00  -0.610388E-02  -0.979264E-01   0.988779E-01   0.953140E-01   0.985457E-01  -0.960949E-01  -0.266346E+00  -0.211948E+00   0.242051E-02  -0.316161E+00   0.768209E-01   0.540017E-01   0.107499E+00   0.751599E-01   0.752206E-01   0.118221E+00   0.142656E+00   0.146661E+00   0.102347E+00   0.134326E+00   0.135764E+00   0.157965E+00   0.155097E+00   0.123411E+00   0.122626E+00   0.148499E+00   0.148299E+00   0.146945E+00   0.153201E+00   0.150968E+00   0.122626E+00   0.137144E+00   0.120954E+00   0.128778E+00   0.143777E+00   0.121331E+00   0.159209E+00   0.155858E+00   0.155768E+00   0.154181E+00   0.153491E+00   0.153827E+00   0.152850E+00   0.151931E+00   0.148864E+00   0.152750E+00   0.152898E+00   0.147261E+00   0.144659E+00   0.144391E+00   0.140245E+00   0.138619E+00   0.134899E+00   0.131895E+00   0.124214E+00   0.123936E+00   0.114331E+00   0.114006E+00   0.156051E+00
  0.864000E+05  -0.115111E+00  -0.237152E-01   0.923444E-02  -0.458695E-01   0.174703E-01   0.376837E-02  -0.102013E-01  -0.215851E-01  -0.195075E+00  -0.137594E+00   0.210803E-02  -0.246539E+00   0.542592E-01   0.506072E-01   0.309648E-01   0.579185E-01   0.579917E-01   0.507897E-01   0.794401E-01   0.675025E-01   0.583378E-01   0.107921E+00   0.103053E+00   0.801154E-01   0.777042E-01   0.423198E-01   0.413567E-01   0.751383E-01   0.702983E-01   0.686752E-01   0.755616E-01   0.792762E-01   0.413567E-01   0.596038E-01   0.452197E-01   0.471783E-01   0.124539E+00   0.546398E-01   0.830969E-01   0.793659E-01   0.796841E-01   0.769794E-01   0.767943E-01   0.767484E-01   0.754365E-01   0.743413E-01   0.718230E-01   0.750535E-01   0.758314E-01   0.689466E-01   0.659832E-01   0.665949E-01   0.611452E-01   0.600089E-01   0.544569E-01   0.512590E-01   0.431548E-01   0.430103E-01   0.331628E-01   0.332892E-01   0.790285E-01
  0.900000E+05  -0.111205E+00   0.518593E-01   0.124554E-02   0.279961E-01  -0.584352E-01  -0.842594E-01  -0.109405E+00   0.406175E-01  -0.104000E+00  -0.605398E-01   0.178050E-02  -0.152791E+00   0.118620E-01   0.276579E-01  -0.437571E-01   0.198446E-01   0.199378E-01  -0.140448E-01   0.729885E-04  -0.138936E-01   0.466583E-02   0.626022E-01   0.531054E-01   0.940672E-03  -0.306779E-02  -0.377702E-01  -0.384692E-01  -0.325549E-02  -0.104939E-01  -0.549078E-02  -0.596386E-02   0.858936E-02  -0.384692E-01  -0.213833E-01  -0.362187E-01  -0.327887E-01   0.130167E+00  -0.215671E-01   0.305393E-02  -0.242610E-02  -0.101646E-02  -0.394068E-02  -0.349449E-02  -0.451661E-02  -0.627980E-02  -0.677343E-02  -0.850274E-02  -0.636206E-02  -0.602586E-02  -0.122869E-01  -0.151063E-01  -0.138101E-01  -0.195589E-01  -0.204669E-01  -0.255141E-01  -0.292738E-01  -0.378852E-01  -0.371274E-01  -0.440598E-01  -0.437107E-01  -0.188219E-02
  0.936000E+05  -0.917760E-01   0.102592E+00  -0.105578E-01   0.723085E-01  -0.115016E+00  -0.136478E+00  -0.167463E+00   0.767889E-01  -0.237869E-01   0.702770E-02   0.169097E-02  -0.569764E-01  -0.291650E-01  -0.238537E-02  -0.107354E+00  -0.159809E-01  -0.158747E-01  -0.697173E-01  -0.830359E-01  -0.880861E-01  -0.290587E-01   0.979029E-02   0.384695E-02  -0.657997E-01  -0.683831E-01  -0.103108E+00  -0.103590E+00  -0.676718E-01  -0.756546E-01  -0.769225E-01  -0.713042E-01  -0.459138E-01  -0.103590E+00  -0.869248E-01  -0.100856E+00  -0.983878E-01   0.150687E+00  -0.761364E-01  -0.625652E-01  -0.681206E-01  -0.659253E-01  -0.691226E-01  -0.688547E-01  -0.697814E-01  -0.716099E-01  -0.718792E-01  -0.734769E-01  -0.716534E-01  -0.713660E-01  -0.771364E-01  -0.799075E-01  -0.784933E-01  -0.846773E-01  -0.853040E-01  -0.915899E-01  -0.944057E-01  -0.103369E+00  -0.102665E+00  -0.107144E+00  -0.106504E+00  -0.669118E-01
  0.972000E+05  -0.678132E-01   0.125214E+00  -0.971317E-02   0.705558E-01  -0.133144E+00  -0.147646E+00  -0.174594E+00   0.847271E-01   0.466853E-01   0.628546E-01   0.145101E-02   0.315569E-01  -0.489276E-01  -0.159373E-01  -0.133236E+00  -0.333566E-01  -0.332563E-01  -0.102830E+00  -0.141192E+00  -0.137073E+00  -0.561448E-01  -0.394387E-01  -0.421174E-01  -0.117849E+00  -0.118986E+00  -0.133759E+00  -0.133831E+00  -0.116283E+00  -0.122644E+00  -0.123857E+00  -0.120748E+00  -0.839873E-01  -0.133831E+00  -0.128548E+00  -0.132674E+00  -0.133342E+00   0.890622E-01  -0.109412E+00  -0.115712E+00  -0.119300E+00  -0.117201E+00  -0.119755E+00  -0.119168E+00  -0.119627E+00  -0.120620E+00  -0.121182E+00  -0.121246E+00  -0.121015E+00  -0.120316E+00  -0.123803E+00  -0.125268E+00  -0.123662E+00  -0.127484E+00  -0.127235E+00  -0.130062E+00  -0.131521E+00  -0.134264E+00  -0.133628E+00  -0.133311E+00  -0.132873E+00  -0.118248E+00
  0.100800E+06  -0.412660E-01   0.120307E+00   0.108563E-02   0.782779E-01  -0.111161E+00  -0.112357E+00  -0.132113E+00   0.807144E-01   0.979506E-01   0.920505E-01   0.124759E-02   0.101630E+00  -0.551505E-01  -0.224186E-01  -0.117329E+00  -0.416179E-01  -0.415494E-01  -0.105820E+00  -0.146364E+00  -0.146222E+00  -0.694918E-01  -0.785801E-01  -0.794984E-01  -0.141308E+00  -0.140319E+00  -0.124407E+00  -0.123954E+00  -0.133407E+00  -0.136837E+00  -0.136740E+00  -0.139817E+00  -0.972803E-01  -0.123954E+00  -0.132800E+00  -0.125990E+00  -0.128900E+00   0.917470E-01  -0.118617E+00  -0.141014E+00  -0.141250E+00  -0.139467E+00  -0.140083E+00  -0.138995E+00  -0.139260E+00  -0.139277E+00  -0.139365E+00  -0.136852E+00  -0.139780E+00  -0.138954E+00  -0.137423E+00  -0.136311E+00  -0.135301E+00  -0.134187E+00  -0.133021E+00  -0.130923E+00  -0.130322E+00  -0.125300E+00  -0.124691E+00  -0.118972E+00  -0.118748E+00  -0.140330E+00
  0.104400E+06  -0.135254E-01   0.961060E-01   0.283059E-01   0.786985E-01  -0.505089E-01  -0.447438E-01  -0.543094E-01   0.849911E-01   0.125878E+00   0.115236E+00   0.107697E-02   0.142747E+00  -0.458609E-01  -0.250696E-01  -0.570663E-01  -0.398465E-01  -0.398315E-01  -0.666207E-01  -0.881396E-01  -0.918138E-01  -0.604740E-01  -0.926120E-01  -0.903509E-01  -0.111919E+00  -0.107249E+00  -0.649420E-01  -0.641245E-01  -0.104775E+00  -0.946603E-01  -0.944444E-01  -0.103459E+00  -0.662017E-01  -0.641245E-01  -0.841542E-01  -0.682784E-01  -0.732081E-01   0.776765E-01  -0.100618E+00  -0.116187E+00  -0.108938E+00  -0.108203E+00  -0.107038E+00  -0.107618E+00  -0.103931E+00  -0.102437E+00  -0.103407E+00  -0.101235E+00  -0.103261E+00  -0.102271E+00  -0.964109E-01  -0.934133E-01  -0.947848E-01  -0.872411E-01  -0.865833E-01  -0.791562E-01  -0.783088E-01  -0.659438E-01  -0.656185E-01  -0.573391E-01  -0.577573E-01  -0.108551E+00
  0.108000E+06   0.123453E-01   0.786011E-01   0.665587E-01   0.687130E-01   0.263820E-01   0.389334E-01   0.386291E-01   0.782600E-01   0.144704E+00   0.129701E+00   0.104321E-02   0.162599E+00  -0.144046E-01  -0.174426E-01   0.205574E-01  -0.186296E-01  -0.186599E-01   0.131752E-02  -0.848772E-02  -0.966187E-02  -0.114788E-01  -0.702642E-01  -0.653998E-01  -0.331920E-01  -0.286176E-01   0.125554E-01   0.134693E-01  -0.331538E-01  -0.193933E-01  -0.186492E-01  -0.261333E-01  -0.520407E-02   0.134693E-01  -0.824195E-02   0.180624E-02   0.424969E-02   0.545381E-01  -0.330580E-01  -0.382406E-01  -0.309611E-01  -0.311520E-01  -0.298277E-01  -0.311625E-01  -0.266770E-01  -0.251155E-01  -0.266123E-01  -0.257472E-01  -0.261129E-01  -0.253619E-01  -0.201670E-01  -0.173181E-01  -0.193460E-01  -0.112361E-01  -0.110961E-01  -0.298863E-02  -0.143217E-02   0.111133E-01   0.115640E-01   0.200308E-01   0.192162E-01  -0.307695E-01
  0.111600E+06   0.329040E-01   0.695458E-01   0.114678E+00   0.610001E-01   0.101743E+00   0.115835E+00   0.119399E+00   0.790295E-01   0.142292E+00   0.121489E+00   0.948435E-03   0.156248E+00   0.313700E-01   0.135177E-01   0.939144E-01   0.254474E-01   0.254242E-01   0.633884E-01   0.860947E-01   0.816714E-01   0.419471E-01  -0.212109E-01  -0.114950E-01   0.510917E-01   0.559528E-01   0.930664E-01   0.937950E-01   0.504021E-01   0.644856E-01   0.659206E-01   0.585734E-01   0.617834E-01   0.937950E-01   0.752976E-01   0.711629E-01   0.859168E-01   0.290592E-01   0.396475E-01   0.452056E-01   0.535048E-01   0.527875E-01   0.547097E-01   0.530556E-01   0.579039E-01   0.593661E-01   0.579570E-01   0.582600E-01   0.586056E-01   0.593344E-01   0.640351E-01   0.665986E-01   0.642092E-01   0.721338E-01   0.719440E-01   0.791541E-01   0.808937E-01   0.912948E-01   0.920684E-01   0.981580E-01   0.973489E-01   0.537333E-01
  0.115200E+06   0.452523E-01   0.678689E-01   0.159611E+00   0.732273E-01   0.161310E+00   0.163713E+00   0.164906E+00   0.101025E+00   0.127714E+00   0.111927E+00   0.108187E-02   0.134327E+00   0.672811E-01   0.435834E-01   0.154075E+00   0.599248E-01   0.598751E-01   0.118355E+00   0.158604E+00   0.155159E+00   0.773643E-01   0.365377E-01   0.468841E-01   0.121648E+00   0.125306E+00   0.157729E+00   0.158256E+00   0.119916E+00   0.132778E+00   0.133777E+00   0.127507E+00   0.130412E+00   0.158256E+00   0.142346E+00   0.132645E+00   0.150061E+00   0.847982E-02   0.105862E+00   0.116889E+00   0.122504E+00   0.122298E+00   0.124535E+00   0.123216E+00   0.127982E+00   0.128133E+00   0.127321E+00   0.127421E+00   0.127784E+00   0.128969E+00   0.132504E+00   0.134656E+00   0.132439E+00   0.139261E+00   0.139152E+00   0.145297E+00   0.146836E+00   0.155953E+00   0.156762E+00   0.160739E+00   0.159823E+00   0.123565E+00
  0.118800E+06   0.507910E-01   0.819153E-01   0.190687E+00   0.863477E-01   0.178969E+00   0.167724E+00   0.161220E+00   0.140072E+00   0.116987E+00   0.117029E+00   0.142718E-02   0.110138E+00   0.873376E-01   0.596690E-01   0.176462E+00   0.799670E-01   0.799371E-01   0.149527E+00   0.190777E+00   0.202700E+00   0.106123E+00   0.904898E-01   0.995165E-01   0.172965E+00   0.176162E+00   0.186697E+00   0.186764E+00   0.167834E+00   0.179789E+00   0.180460E+00   0.177382E+00   0.178666E+00   0.186764E+00   0.182853E+00   0.165039E+00   0.184765E+00   0.181600E+00   0.155463E+00   0.169612E+00   0.173862E+00   0.173709E+00   0.174878E+00   0.173088E+00   0.176942E+00   0.177638E+00   0.176440E+00   0.174765E+00   0.177303E+00   0.178233E+00   0.178900E+00   0.179528E+00   0.177191E+00   0.181525E+00   0.180190E+00   0.183237E+00   0.182741E+00   0.185651E+00   0.186213E+00   0.184345E+00   0.183485E+00   0.174843E+00
  0.122400E+06   0.539213E-01   0.123968E+00   0.202270E+00   0.930162E-01   0.148572E+00   0.123244E+00   0.104253E+00   0.177688E+00   0.114758E+00   0.131846E+00   0.149881E-02   0.956328E-01   0.931507E-01   0.667732E-01   0.154024E+00   0.882625E-01   0.882729E-01   0.147531E+00   0.179523E+00   0.180745E+00   0.115858E+00   0.131776E+00   0.137357E+00   0.187107E+00   0.187005E+00   0.169351E+00   0.168889E+00   0.176477E+00   0.185033E+00   0.184186E+00   0.186538E+00   0.185853E+00   0.168889E+00   0.178527E+00   0.156114E+00   0.173629E+00   0.182370E+00   0.165294E+00   0.185517E+00   0.186052E+00   0.185968E+00   0.185478E+00   0.183573E+00   0.186729E+00   0.186486E+00   0.184900E+00   0.181326E+00   0.186140E+00   0.186657E+00   0.183332E+00   0.181886E+00   0.179915E+00   0.180147E+00   0.177725E+00   0.176439E+00   0.173999E+00   0.169381E+00   0.169526E+00   0.162246E+00   0.161769E+00   0.186843E+00
  0.126000E+06   0.583857E-01   0.180813E+00   0.187479E+00   0.109004E+00   0.749602E-01   0.378608E-01   0.609976E-02   0.212506E+00   0.134353E+00   0.157090E+00   0.133640E-02   0.106926E+00   0.817924E-01   0.659587E-01   0.899005E-01   0.817497E-01   0.818011E-01   0.105763E+00   0.117839E+00   0.118830E+00   0.994289E-01   0.140954E+00   0.139977E+00   0.142942E+00   0.139789E+00   0.104406E+00   0.103491E+00   0.135967E+00   0.132595E+00   0.131509E+00   0.137758E+00   0.135123E+00   0.103491E+00   0.119515E+00   0.105293E+00   0.110293E+00   0.137237E+00   0.113615E+00   0.145845E+00   0.140869E+00   0.140880E+00   0.139435E+00   0.139226E+00   0.138428E+00   0.137159E+00   0.136733E+00   0.133851E+00   0.137367E+00   0.137137E+00   0.131369E+00   0.128400E+00   0.128526E+00   0.123253E+00   0.121784E+00   0.116613E+00   0.114028E+00   0.105243E+00   0.104904E+00   0.951822E-01   0.951954E-01   0.141097E+00
  0.129600E+06   0.685988E-01   0.227462E+00   0.140455E+00   0.135216E+00  -0.199952E-01  -0.646465E-01  -0.104476E+00   0.224487E+00   0.167125E+00   0.186722E+00   0.115796E-02   0.143242E+00   0.494589E-01   0.549104E-01   0.366027E-02   0.558183E-01   0.559040E-01   0.291590E-01   0.368129E-01   0.394673E-01   0.483519E-01   0.109368E+00   0.101253E+00   0.587028E-01   0.557830E-01   0.119215E-01   0.109131E-01   0.565384E-01   0.469394E-01   0.455242E-01   0.532509E-01   0.611984E-01   0.109131E-01   0.341530E-01   0.141884E-01   0.185750E-01   0.131477E+00   0.333541E-01   0.632734E-01   0.573727E-01   0.580187E-01   0.558055E-01   0.563184E-01   0.547370E-01   0.525992E-01   0.526075E-01   0.503977E-01   0.529099E-01   0.530447E-01   0.460241E-01   0.425512E-01   0.437929E-01   0.363513E-01   0.352882E-01   0.280466E-01   0.241515E-01   0.123150E-01   0.126679E-01   0.205026E-02   0.249020E-02   0.574975E-01
  0.133200E+06   0.867649E-01   0.245479E+00   0.599183E-01   0.134775E+00  -0.114707E+00  -0.162198E+00  -0.204015E+00   0.200049E+00   0.199349E+00   0.202513E+00   0.106241E-02   0.191373E+00  -0.194934E-02   0.234328E-01  -0.910047E-01   0.980724E-02   0.987502E-02  -0.471680E-01  -0.544211E-01  -0.513750E-01  -0.887306E-02   0.559045E-01   0.479025E-01  -0.262767E-01  -0.336584E-01  -0.849771E-01  -0.857826E-01  -0.293143E-01  -0.437104E-01  -0.450857E-01  -0.362650E-01  -0.188381E-01  -0.857826E-01  -0.593618E-01  -0.815942E-01  -0.777384E-01   0.124427E+00  -0.599589E-01  -0.232918E-01  -0.329320E-01  -0.306418E-01  -0.328427E-01  -0.316073E-01  -0.348499E-01  -0.380385E-01  -0.366481E-01  -0.384038E-01  -0.364470E-01  -0.375877E-01  -0.446410E-01  -0.486456E-01  -0.462406E-01  -0.559784E-01  -0.567326E-01  -0.666373E-01  -0.707529E-01  -0.852702E-01  -0.844472E-01  -0.933654E-01  -0.926310E-01  -0.311257E-01
  0.136800E+06   0.109210E+00   0.214514E+00  -0.194275E-01   0.942641E-01  -0.189811E+00  -0.227586E+00  -0.263861E+00   0.142608E+00   0.214502E+00   0.196074E+00   0.988756E-03   0.229679E+00  -0.427989E-01  -0.357674E-02  -0.171844E+00  -0.236444E-01  -0.235388E-01  -0.115175E+00  -0.142303E+00  -0.139508E+00  -0.499327E-01  -0.628411E-02  -0.100204E-01  -0.112133E+00  -0.114039E+00  -0.168181E+00  -0.168839E+00  -0.111167E+00  -0.124107E+00  -0.124332E+00  -0.117325E+00  -0.895059E-01  -0.168839E+00  -0.141046E+00  -0.161889E+00  -0.161550E+00   0.149534E+00  -0.138803E+00  -0.107154E+00  -0.114320E+00  -0.111580E+00  -0.114556E+00  -0.113932E+00  -0.116519E+00  -0.117994E+00  -0.118000E+00  -0.120022E+00  -0.117602E+00  -0.117086E+00  -0.125600E+00  -0.129726E+00  -0.127413E+00  -0.137261E+00  -0.138150E+00  -0.148837E+00  -0.153744E+00  -0.168404E+00  -0.167855E+00  -0.174970E+00  -0.174040E+00  -0.112440E+00
  0.140400E+06   0.130525E+00   0.136565E+00  -0.927809E-01   0.622208E-01  -0.228098E+00  -0.244506E+00  -0.265603E+00   0.570104E-01   0.198064E+00   0.158008E+00   0.968703E-03   0.236037E+00  -0.695917E-01  -0.200329E-01  -0.219164E+00  -0.470644E-01  -0.469742E-01  -0.166015E+00  -0.213274E+00  -0.211714E+00  -0.869951E-01  -0.639826E-01  -0.669168E-01  -0.185589E+00  -0.186846E+00  -0.223652E+00  -0.223967E+00  -0.183398E+00  -0.193362E+00  -0.182322E+00  -0.188725E+00  -0.150825E+00  -0.223967E+00  -0.206144E+00  -0.215399E+00  -0.220958E+00   0.170125E+00  -0.194595E+00  -0.181517E+00  -0.188159E+00  -0.185108E+00  -0.187007E+00  -0.186439E+00  -0.186076E+00  -0.189629E+00  -0.189392E+00  -0.190496E+00  -0.188983E+00  -0.188493E+00  -0.195037E+00  -0.198034E+00  -0.195822E+00  -0.203373E+00  -0.203708E+00  -0.211859E+00  -0.215294E+00  -0.223674E+00  -0.223542E+00  -0.225410E+00  -0.224633E+00  -0.185959E+00
  0.144000E+06   0.143018E+00   0.206642E-01  -0.150803E+00   0.208481E-01  -0.218210E+00  -0.204862E+00  -0.204773E+00  -0.493092E-01   0.146804E+00   0.905190E-01   0.107932E-02   0.193174E+00  -0.875474E-01  -0.337976E-01  -0.221216E+00  -0.657145E-01  -0.656589E-01  -0.190916E+00  -0.245537E+00  -0.245480E+00  -0.114623E+00  -0.115375E+00  -0.117028E+00  -0.238268E+00  -0.237455E+00  -0.237458E+00  -0.237053E+00  -0.227685E+00  -0.236293E+00  -0.191500E+00  -0.237449E+00  -0.187574E+00  -0.237053E+00  -0.238613E+00  -0.232336E+00  -0.241603E+00   0.181387E+00  -0.218148E+00  -0.234896E+00  -0.244646E+00  -0.242005E+00  -0.236446E+00  -0.234907E+00  -0.236278E+00  -0.237545E+00  -0.236746E+00  -0.234518E+00  -0.237296E+00  -0.236397E+00  -0.237241E+00  -0.237445E+00  -0.235387E+00  -0.238389E+00  -0.236911E+00  -0.239545E+00  -0.239378E+00  -0.238243E+00  -0.237947E+00  -0.231176E+00  -0.230431E+00  -0.238094E+00
  0.147600E+06   0.131324E+00  -0.106332E+00  -0.184781E+00  -0.518222E-01  -0.155178E+00  -0.118667E+00  -0.946852E-01  -0.158750E+00   0.658571E-01   0.107821E-03   0.136918E-02   0.108095E+00  -0.912481E-01  -0.464118E-01  -0.161688E+00  -0.758700E-01  -0.758397E-01  -0.167364E+00  -0.200969E+00  -0.202782E+00  -0.125148E+00  -0.150746E+00  -0.150782E+00  -0.242460E+00  -0.238497E+00  -0.183023E+00  -0.181811E+00  -0.222284E+00  -0.223671E+00  -0.187506E+00  -0.233922E+00  -0.181354E+00  -0.181811E+00  -0.209082E+00  -0.186264E+00  -0.195864E+00   0.174628E+00  -0.213789E+00  -0.242264E+00  -0.244111E+00  -0.241799E+00  -0.234754E+00  -0.232571E+00  -0.235395E+00  -0.233614E+00  -0.231074E+00  -0.225026E+00  -0.232930E+00  -0.232228E+00  -0.223320E+00  -0.219366E+00  -0.218626E+00  -0.212851E+00  -0.209850E+00  -0.202797E+00  -0.199755E+00  -0.184951E+00  -0.184211E+00  -0.170599E+00  -0.170837E+00  -0.238837E+00
  0.151200E+06   0.102657E+00  -0.226617E+00  -0.186005E+00  -0.141258E+00  -0.621871E-01  -0.282300E-02   0.410272E-01  -0.258967E+00  -0.365250E-01  -0.103596E+00   0.177317E-02   0.865259E-03  -0.713739E-01  -0.514155E-01  -0.652122E-01  -0.679752E-01  -0.679777E-01  -0.937661E-01  -0.110149E+00  -0.112586E+00  -0.929682E-01  -0.157531E+00  -0.152984E+00  -0.167583E+00  -0.160356E+00  -0.939234E-01  -0.925236E-01  -0.156337E+00  -0.142780E+00  -0.140423E+00  -0.154497E+00  -0.117101E+00  -0.925236E-01  -0.126352E+00  -0.988830E-01  -0.108331E+00   0.150601E+00  -0.157562E+00  -0.173947E+00  -0.158696E+00  -0.157947E+00  -0.159040E+00  -0.159910E+00  -0.156411E+00  -0.153630E+00  -0.153616E+00  -0.150397E+00  -0.153882E+00  -0.153083E+00  -0.143290E+00  -0.138812E+00  -0.140769E+00  -0.130604E+00  -0.128892E+00  -0.118639E+00  -0.114940E+00  -0.957634E-01  -0.953634E-01  -0.800926E-01  -0.809585E-01  -0.161103E+00
  0.154800E+06   0.724668E-01  -0.321446E+00  -0.154683E+00  -0.195568E+00   0.360131E-01   0.113936E+00   0.171374E+00  -0.322249E+00  -0.143701E+00  -0.205188E+00   0.235723E-02  -0.109994E+00  -0.234970E-01  -0.350150E-01   0.310344E-01  -0.319858E-01  -0.320486E-01  -0.942274E-02  -0.401760E-02  -0.420520E-02  -0.197978E-01  -0.112336E+00  -0.103645E+00  -0.580924E-01  -0.529402E-01   0.984234E-02   0.111913E-01  -0.520206E-01  -0.390713E-01  -0.369135E-01  -0.484153E-01  -0.334355E-01   0.111913E-01  -0.227024E-01  -0.103013E-01  -0.403387E-02   0.120068E+00  -0.536894E-01  -0.616787E-01  -0.565217E-01  -0.565619E-01  -0.516391E-01  -0.519817E-01  -0.500058E-01  -0.477121E-01  -0.473891E-01  -0.446190E-01  -0.478247E-01  -0.471523E-01  -0.388141E-01  -0.346612E-01  -0.365093E-01  -0.267418E-01  -0.253176E-01  -0.151032E-01  -0.106216E-01   0.710407E-02   0.816071E-02   0.222855E-01   0.212500E-01  -0.551008E-01
  0.158400E+06   0.411981E-01  -0.365563E+00  -0.112193E+00  -0.186586E+00   0.137470E+00   0.206994E+00   0.267622E+00  -0.338963E+00  -0.242113E+00  -0.285129E+00   0.316617E-02  -0.215220E+00   0.320810E-01   0.101638E-01   0.129728E+00   0.246502E-01   0.246201E-01   0.739430E-01   0.106490E+00   0.106235E+00   0.387392E-01  -0.370429E-01  -0.246352E-01   0.487984E-01   0.561360E-01   0.120153E+00   0.121383E+00   0.539306E-01   0.715878E-01   0.744835E-01   0.612854E-01   0.540095E-01   0.121383E+00   0.889788E-01   0.890100E-01   0.106645E+00   0.870856E-01   0.362174E-01   0.424831E-01   0.525296E-01   0.518404E-01   0.565583E-01   0.551373E-01   0.594857E-01   0.617563E-01   0.617921E-01   0.637528E-01   0.618517E-01   0.627682E-01   0.714481E-01   0.757198E-01   0.728428E-01   0.840343E-01   0.850354E-01   0.950114E-01   0.995273E-01   0.117187E+00   0.118396E+00   0.130028E+00   0.128577E+00   0.534534E-01
  0.162000E+06   0.819479E-02  -0.341013E+00  -0.627776E-01  -0.172957E+00   0.208678E+00   0.255976E+00   0.306583E+00  -0.303390E+00  -0.313184E+00  -0.322175E+00   0.395669E-02  -0.304131E+00   0.734910E-01   0.427089E-01   0.202202E+00   0.635240E-01   0.634780E-01   0.143745E+00   0.205070E+00   0.205606E+00   0.888151E-01   0.306037E-01   0.445673E-01   0.140805E+00   0.146494E+00   0.198939E+00   0.199827E+00   0.143079E+00   0.159039E+00   0.162028E+00   0.150693E+00   0.153262E+00   0.199827E+00   0.174031E+00   0.165916E+00   0.186283E+00   0.166870E+00   0.121916E+00   0.135613E+00   0.142227E+00   0.142084E+00   0.147237E+00   0.146028E+00   0.150319E+00   0.150704E+00   0.151490E+00   0.152818E+00   0.151215E+00   0.152323E+00   0.159184E+00   0.162530E+00   0.160002E+00   0.169336E+00   0.169741E+00   0.178228E+00   0.181354E+00   0.196272E+00   0.197352E+00   0.204884E+00   0.203242E+00   0.144274E+00
  0.165600E+06  -0.249431E-01  -0.256305E+00  -0.164777E-01  -0.160497E+00   0.227770E+00   0.249657E+00   0.282396E+00  -0.225006E+00  -0.341095E+00  -0.310896E+00   0.470842E-02  -0.360051E+00   0.998991E-01   0.632580E-01   0.226621E+00   0.900300E-01   0.900079E-01   0.182065E+00   0.279190E+00   0.263363E+00   0.125889E+00   0.925559E-01   0.104242E+00   0.202187E+00   0.207549E+00   0.232281E+00   0.233127E+00   0.199810E+00   0.216924E+00   0.219055E+00   0.210762E+00   0.213193E+00   0.233127E+00   0.222862E+00   0.203602E+00   0.226629E+00   0.220131E+00   0.179681E+00   0.198032E+00   0.203573E+00   0.203424E+00   0.207308E+00   0.205250E+00   0.209362E+00   0.210743E+00   0.210325E+00   0.209065E+00   0.211032E+00   0.212677E+00   0.215401E+00   0.216918E+00   0.213568E+00   0.220557E+00   0.219164E+00   0.224120E+00   0.223649E+00   0.230593E+00   0.231286E+00   0.231207E+00   0.229598E+00   0.205627E+00
  0.169200E+06  -0.566000E-01  -0.143200E+00   0.198197E-01  -0.133048E+00   0.189148E+00   0.187496E+00   0.200433E+00  -0.122847E+00  -0.314297E+00  -0.256273E+00   0.528357E-02  -0.364966E+00   0.110808E+00   0.751395E-01   0.197810E+00   0.103837E+00   0.103857E+00   0.180669E+00   0.233330E+00   0.242371E+00   0.141151E+00   0.139411E+00   0.146811E+00   0.212257E+00   0.214770E+00   0.207648E+00   0.206540E+00   0.203082E+00   0.217893E+00   0.218188E+00   0.215855E+00   0.216713E+00   0.206540E+00   0.211750E+00   0.188771E+00   0.207893E+00   0.215878E+00   0.179042E+00   0.209930E+00   0.212496E+00   0.212214E+00   0.213226E+00   0.210607E+00   0.215630E+00   0.215894E+00   0.213889E+00   0.209903E+00   0.215523E+00   0.217576E+00   0.214642E+00   0.213637E+00   0.210297E+00   0.212736E+00   0.210070E+00   0.210550E+00   0.207420E+00   0.206952E+00   0.207004E+00   0.200637E+00   0.199300E+00   0.213774E+00
  0.172800E+06  -0.837201E-01  -0.321777E-01   0.438628E-01  -0.918210E-01   0.977632E-01   0.848413E-01   0.773890E-01  -0.198766E-01  -0.247374E+00  -0.175327E+00   0.546098E-02  -0.313209E+00   0.100559E+00   0.787439E-01   0.117386E+00   0.996560E-01   0.997168E-01   0.125482E+00   0.163125E+00   0.171206E+00   0.121933E+00   0.147196E+00   0.147030E+00   0.157300E+00   0.155116E+00   0.121845E+00   0.121190E+00   0.149821E+00   0.148855E+00   0.148176E+00   0.153424E+00   0.151312E+00   0.121190E+00   0.136161E+00   0.120990E+00   0.124364E+00   0.145768E+00   0.123440E+00   0.159655E+00   0.155717E+00   0.155469E+00   0.154269E+00   0.153677E+00   0.154017E+00   0.153105E+00   0.151923E+00   0.148707E+00   0.152947E+00   0.153797E+00   0.147001E+00   0.144102E+00   0.143782E+00   0.139434E+00   0.137689E+00   0.133603E+00   0.129408E+00   0.122400E+00   0.121884E+00   0.113247E+00   0.113063E+00   0.155784E+00
  0.176400E+06  -0.985324E-01   0.690558E-01   0.442615E-01  -0.104861E-01  -0.267357E-03  -0.274748E-01  -0.502209E-01   0.715335E-01  -0.151387E+00  -0.822774E-01   0.583089E-02  -0.223858E+00   0.668706E-01   0.683518E-01   0.253031E-01   0.724137E-01   0.724998E-01   0.424022E-01   0.722580E-01   0.778027E-01   0.594131E-01   0.110769E+00   0.102713E+00   0.650822E-01   0.644558E-01   0.263626E-01   0.255112E-01   0.612173E-01   0.583297E-01   0.591837E-01   0.626996E-01   0.709074E-01   0.255112E-01   0.453228E-01   0.284548E-01   0.293033E-01   0.114821E+00   0.372834E-01   0.681608E-01   0.655380E-01   0.660392E-01   0.634569E-01   0.628452E-01   0.652951E-01   0.623729E-01   0.610560E-01   0.579432E-01   0.622010E-01   0.637510E-01   0.556455E-01   0.522368E-01   0.525502E-01   0.466488E-01   0.454759E-01   0.396868E-01   0.346655E-01   0.263136E-01   0.265805E-01   0.173432E-01   0.175380E-01   0.653761E-01
  0.180000E+06  -0.864769E-01   0.150117E+00   0.865948E-02   0.825552E-01  -0.910187E-01  -0.125449E+00  -0.157920E+00   0.124923E+00  -0.444436E-01   0.890815E-02   0.561402E-02  -0.109159E+00   0.122364E-01   0.356343E-01  -0.669818E-01   0.222771E-01   0.223489E-01  -0.317707E-01  -0.180064E-01  -0.189874E-01   0.204976E-02   0.507863E-01   0.421191E-01  -0.216540E-01  -0.256050E-01  -0.667253E-01  -0.674017E-01  -0.246920E-01  -0.332173E-01  -0.329138E-01  -0.276641E-01  -0.102758E-01  -0.674017E-01  -0.457771E-01  -0.637807E-01  -0.628517E-01   0.954095E-01  -0.487545E-01  -0.197483E-01  -0.256372E-01  -0.235352E-01  -0.260219E-01  -0.257257E-01  -0.261094E-01  -0.283657E-01  -0.287432E-01  -0.308240E-01  -0.281008E-01  -0.267399E-01  -0.346787E-01  -0.380381E-01  -0.368793E-01  -0.425682E-01  -0.449011E-01  -0.525913E-01  -0.570700E-01  -0.673524E-01  -0.664981E-01  -0.739509E-01  -0.734386E-01  -0.241691E-01
  0.183600E+06  -0.582860E-01   0.195115E+00  -0.146489E-01   0.921002E-01  -0.156489E+00  -0.182668E+00  -0.215889E+00   0.137576E+00   0.481309E-01   0.782768E-01   0.527374E-02   0.464270E-02  -0.308351E-01   0.509190E-02  -0.141348E+00  -0.136166E-01  -0.135064E-01  -0.960529E-01  -0.102044E+00  -0.107201E+00  -0.367778E-01  -0.957149E-02  -0.130103E-01  -0.100973E+00  -0.101666E+00  -0.143266E+00  -0.143720E+00  -0.998851E-01  -0.109657E+00  -0.110118E+00  -0.104279E+00  -0.780737E-01  -0.143720E+00  -0.122883E+00  -0.138598E+00  -0.139291E+00   0.121386E+00  -0.115084E+00  -0.972729E-01  -0.102310E+00  -0.998380E-01  -0.102598E+00  -0.102197E+00  -0.102994E+00  -0.104690E+00  -0.105198E+00  -0.106822E+00  -0.104663E+00  -0.103642E+00  -0.111298E+00  -0.114550E+00  -0.112598E+00  -0.120246E+00  -0.120884E+00  -0.128779E+00  -0.133210E+00  -0.143844E+00  -0.143177E+00  -0.147776E+00  -0.146936E+00  -0.100687E+00
  0.187200E+06  -0.279625E-01   0.198163E+00  -0.297638E-01   0.872436E-01  -0.176052E+00  -0.188467E+00  -0.214047E+00   0.118159E+00   0.117529E+00   0.115858E+00   0.503665E-02   0.102000E+00  -0.527440E-01  -0.810741E-02  -0.172948E+00  -0.332431E-01  -0.331712E-01  -0.137445E+00  -0.176621E+00  -0.173319E+00  -0.695161E-01  -0.643008E-01  -0.663348E-01  -0.165160E+00  -0.165374E+00  -0.184666E+00  -0.184542E+00  -0.158989E+00  -0.168865E+00  -0.169128E+00  -0.166939E+00  -0.130937E+00  -0.184542E+00  -0.176462E+00  -0.180693E+00  -0.185832E+00   0.139444E+00  -0.153347E+00  -0.161558E+00  -0.166258E+00  -0.163441E+00  -0.165278E+00  -0.164136E+00  -0.166796E+00  -0.167256E+00  -0.166884E+00  -0.166280E+00  -0.167037E+00  -0.166267E+00  -0.170013E+00  -0.171672E+00  -0.169531E+00  -0.175087E+00  -0.174310E+00  -0.179989E+00  -0.181327E+00  -0.185563E+00  -0.184987E+00  -0.181928E+00  -0.180982E+00  -0.164384E+00
  0.190800E+06   0.408492E-02   0.151602E+00  -0.244749E-01   0.814724E-01  -0.144605E+00  -0.138004E+00  -0.151050E+00   0.840829E-01   0.155102E+00   0.129363E+00   0.502842E-02   0.170564E+00  -0.614702E-01  -0.162463E-01  -0.152324E+00  -0.446510E-01  -0.446302E-01  -0.142453E+00  -0.187060E+00  -0.185742E+00  -0.889067E-01  -0.108227E+00  -0.109020E+00  -0.197142E+00  -0.195467E+00  -0.171189E+00  -0.170334E+00  -0.181232E+00  -0.189411E+00  -0.180623E+00  -0.194007E+00  -0.153448E+00  -0.170334E+00  -0.183977E+00  -0.172144E+00  -0.179129E+00   0.143735E+00  -0.165097E+00  -0.194864E+00  -0.197229E+00  -0.194509E+00  -0.193169E+00  -0.190786E+00  -0.194114E+00  -0.193981E+00  -0.191976E+00  -0.187296E+00  -0.193428E+00  -0.192831E+00  -0.189170E+00  -0.187475E+00  -0.185259E+00  -0.185457E+00  -0.182519E+00  -0.181584E+00  -0.178815E+00  -0.172894E+00  -0.172012E+00  -0.160916E+00  -0.160079E+00  -0.195096E+00
  0.194400E+06   0.363940E-01   0.879932E-01   0.275395E-03   0.547026E-01  -0.675849E-01  -0.507280E-01  -0.491879E-01   0.514091E-01   0.160439E+00   0.126490E+00   0.531244E-02   0.198245E+00  -0.524802E-01  -0.213803E-01  -0.754079E-01  -0.446865E-01  -0.447212E-01  -0.937251E-01  -0.118469E+00  -0.119535E+00  -0.810360E-01  -0.123574E+00  -0.121052E+00  -0.162027E+00  -0.155780E+00  -0.952994E-01  -0.940877E-01  -0.147731E+00  -0.138775E+00  -0.136869E+00  -0.149800E+00  -0.115388E+00  -0.940877E-01  -0.122897E+00  -0.997184E-01  -0.107713E+00   0.126845E+00  -0.141849E+00  -0.166635E+00  -0.158490E+00  -0.156953E+00  -0.153627E+00  -0.153716E+00  -0.151307E+00  -0.148944E+00  -0.148549E+00  -0.144596E+00  -0.149131E+00  -0.148454E+00  -0.139063E+00  -0.134767E+00  -0.135896E+00  -0.126933E+00  -0.124909E+00  -0.116125E+00  -0.113285E+00  -0.969682E-01  -0.963777E-01  -0.828605E-01  -0.829837E-01  -0.157180E+00
  0.198000E+06   0.637936E-01   0.309215E-01   0.463937E-01   0.156871E-01   0.250903E-01   0.550740E-01   0.642159E-01   0.324462E-01   0.145413E+00   0.110961E+00   0.548453E-02   0.181036E+00  -0.185686E-01  -0.163113E-01   0.190138E-01  -0.230860E-01  -0.231614E-01  -0.117524E-01  -0.144484E-01  -0.191461E-01  -0.238724E-01  -0.960923E-01  -0.910376E-01  -0.616863E-01  -0.565937E-01  -0.163433E-02  -0.340685E-03  -0.595549E-01  -0.452467E-01  -0.440083E-01  -0.536767E-01  -0.397832E-01  -0.340685E-03  -0.304387E-01  -0.131742E-01  -0.131254E-01   0.988878E-01  -0.563347E-01  -0.669066E-01  -0.594065E-01  -0.595516E-01  -0.572271E-01  -0.581580E-01  -0.546387E-01  -0.526782E-01  -0.534369E-01  -0.513192E-01  -0.534142E-01  -0.528893E-01  -0.455117E-01  -0.417222E-01  -0.434861E-01  -0.342681E-01  -0.330344E-01  -0.234566E-01  -0.195665E-01  -0.368206E-02  -0.299688E-02   0.108553E-01   0.103037E-01  -0.589756E-01
  0.201600E+06   0.773054E-01   0.138018E-02   0.107560E+00   0.374698E-02   0.120170E+00   0.147006E+00   0.159305E+00   0.377201E-01   0.116354E+00   0.896477E-01   0.567739E-02   0.132848E+00   0.360230E-01   0.160456E-01   0.111015E+00   0.276119E-01   0.275389E-01   0.690323E-01   0.874610E-01   0.863719E-01   0.438902E-01  -0.353159E-01  -0.252443E-01   0.482784E-01   0.550199E-01   0.107134E+00   0.108135E+00   0.460989E-01   0.662001E-01   0.677068E-01   0.582920E-01   0.518844E-01   0.108135E+00   0.807626E-01   0.804906E-01   0.962194E-01   0.652026E-01   0.332694E-01   0.404971E-01   0.516488E-01   0.506791E-01   0.529234E-01   0.504464E-01   0.576720E-01   0.593049E-01   0.571630E-01   0.573828E-01   0.581964E-01   0.594558E-01   0.649909E-01   0.685050E-01   0.654451E-01   0.762117E-01   0.762299E-01   0.862026E-01   0.891362E-01   0.104750E+00   0.105741E+00   0.114910E+00   0.113724E+00   0.518879E-01
  0.205200E+06   0.687077E-01   0.831522E-02   0.161758E+00   0.297973E-01   0.194757E+00   0.201271E+00   0.209104E+00   0.819632E-01   0.838301E-01   0.773851E-01   0.602014E-02   0.800936E-01   0.794400E-01   0.535471E-01   0.186068E+00   0.707934E-01   0.707438E-01   0.143074E+00   0.184053E+00   0.180442E+00   0.904807E-01   0.331250E-01   0.453102E-01   0.140425E+00   0.146792E+00   0.192454E+00   0.193081E+00   0.134940E+00   0.157606E+00   0.159661E+00   0.149717E+00   0.152861E+00   0.193081E+00   0.170525E+00   0.161341E+00   0.181695E+00   0.162876E+00   0.116433E+00   0.132790E+00   0.142579E+00   0.142114E+00   0.144336E+00   0.141573E+00   0.150789E+00   0.150752E+00   0.148359E+00   0.147696E+00   0.149468E+00   0.151610E+00   0.155881E+00   0.158749E+00   0.155155E+00   0.165686E+00   0.164933E+00   0.174356E+00   0.175861E+00   0.190254E+00   0.191168E+00   0.195828E+00   0.194252E+00   0.143674E+00
  0.208800E+06   0.502119E-01   0.533567E-01   0.200709E+00   0.521373E-01   0.217291E+00   0.200377E+00   0.195990E+00   0.140214E+00   0.701603E-01   0.897219E-01   0.607364E-02   0.464034E-01   0.104371E+00   0.726711E-01   0.214716E+00   0.956975E-01   0.956824E-01   0.193203E+00   0.232094E+00   0.242761E+00   0.127711E+00   0.986784E-01   0.109602E+00   0.207493E+00   0.212814E+00   0.230917E+00   0.231045E+00   0.196613E+00   0.218840E+00   0.219329E+00   0.214193E+00   0.216441E+00   0.231045E+00   0.223487E+00   0.203760E+00   0.226984E+00   0.220210E+00   0.179311E+00   0.200587E+00   0.209570E+00   0.209163E+00   0.209292E+00   0.205786E+00   0.214340E+00   0.215081E+00   0.211751E+00   0.208526E+00   0.213720E+00   0.215736E+00   0.215970E+00   0.217008E+00   0.212846E+00   0.220974E+00   0.218403E+00   0.224444E+00   0.222714E+00   0.229803E+00   0.230318E+00   0.227260E+00   0.225516E+00   0.210343E+00
  0.212400E+06   0.370988E-01   0.131824E+00   0.217754E+00   0.650048E-01   0.176242E+00   0.144852E+00   0.123135E+00   0.199139E+00   0.866466E-01   0.120795E+00   0.595191E-02   0.478145E-01   0.112753E+00   0.816243E-01   0.185954E+00   0.107216E+00   0.107261E+00   0.189391E+00   0.221757E+00   0.232437E+00   0.141102E+00   0.150962E+00   0.158428E+00   0.227507E+00   0.228654E+00   0.207019E+00   0.206053E+00   0.209139E+00   0.226489E+00   0.224610E+00   0.227928E+00   0.228072E+00   0.206053E+00   0.217870E+00   0.189931E+00   0.211969E+00   0.222174E+00   0.195869E+00   0.223520E+00   0.227288E+00   0.226989E+00   0.224754E+00   0.221034E+00   0.228919E+00   0.228649E+00   0.224328E+00   0.218238E+00   0.226980E+00   0.228685E+00   0.222822E+00   0.220834E+00   0.217167E+00   0.219323E+00   0.215275E+00   0.215524E+00   0.210790E+00   0.207148E+00   0.207140E+00   0.196336E+00   0.195127E+00   0.227706E+00
  0.216000E+06   0.366320E-01   0.219152E+00   0.207378E+00   0.953912E-01   0.883952E-01   0.442525E-01   0.687866E-02   0.259713E+00   0.125518E+00   0.163794E+00   0.587255E-02   0.875535E-01   0.990070E-01   0.800733E-01   0.109673E+00   0.994548E-01   0.995494E-01   0.133667E+00   0.148767E+00   0.164061E+00   0.120169E+00   0.165642E+00   0.164445E+00   0.174939E+00   0.171566E+00   0.127727E+00   0.126624E+00   0.159576E+00   0.161875E+00   0.159917E+00   0.168604E+00   0.166073E+00   0.126624E+00   0.146307E+00   0.127495E+00   0.134083E+00   0.157063E+00   0.134157E+00   0.175958E+00   0.172845E+00   0.172600E+00   0.168761E+00   0.167087E+00   0.170083E+00   0.168725E+00   0.165612E+00   0.160385E+00   0.167588E+00   0.168438E+00   0.159264E+00   0.155527E+00   0.154462E+00   0.150202E+00   0.147081E+00   0.142299E+00   0.137345E+00   0.128905E+00   0.128272E+00   0.115422E+00   0.114840E+00   0.172346E+00
  0.219600E+06   0.557828E-01   0.276160E+00   0.149059E+00   0.157024E+00  -0.196214E-01  -0.767871E-01  -0.124007E+00   0.290358E+00   0.186819E+00   0.217419E+00   0.562338E-02   0.155098E+00   0.615368E-01   0.656595E-01   0.121730E-01   0.688348E-01   0.689680E-01   0.481526E-01   0.655990E-01   0.685340E-01   0.618370E-01   0.127971E+00   0.118650E+00   0.749335E-01   0.733399E-01   0.251951E-01   0.238969E-01   0.660375E-01   0.653049E-01   0.629525E-01   0.711548E-01   0.787068E-01   0.238969E-01   0.499634E-01   0.284027E-01   0.313328E-01   0.103872E+00   0.380503E-01   0.775960E-01   0.746634E-01   0.752193E-01   0.713371E-01   0.700285E-01   0.726508E-01   0.716116E-01   0.684189E-01   0.636912E-01   0.702463E-01   0.722346E-01   0.618836E-01   0.576108E-01   0.572954E-01   0.527477E-01   0.487798E-01   0.427149E-01   0.359232E-01   0.258420E-01   0.259047E-01   0.113077E-01   0.110373E-01   0.744131E-01
  0.223200E+06   0.849049E-01   0.289530E+00   0.594758E-01   0.172965E+00  -0.129101E+00  -0.188121E+00  -0.234550E+00   0.275133E+00   0.247697E+00   0.261082E+00   0.523867E-02   0.232917E+00   0.332889E-02   0.313372E-01  -0.963847E-01   0.165683E-01   0.166855E-01  -0.330375E-01  -0.310823E-01  -0.363659E-01  -0.254006E-02   0.648730E-01   0.551937E-01  -0.273694E-01  -0.270535E-01  -0.856560E-01  -0.867675E-01  -0.313221E-01  -0.374087E-01  -0.380574E-01  -0.305562E-01  -0.126114E-01  -0.867675E-01  -0.555364E-01  -0.805519E-01  -0.781985E-01   0.125536E+00  -0.678840E-01  -0.206030E-01  -0.269380E-01  -0.247064E-01  -0.289507E-01  -0.294868E-01  -0.280179E-01  -0.311702E-01  -0.326054E-01  -0.368045E-01  -0.312459E-01  -0.297619E-01  -0.404201E-01  -0.452220E-01  -0.445974E-01  -0.525676E-01  -0.553826E-01  -0.641356E-01  -0.719677E-01  -0.856710E-01  -0.850801E-01  -0.983105E-01  -0.982877E-01  -0.256772E-01
  0.226800E+06   0.115906E+00   0.257188E+00  -0.289639E-01   0.129266E+00  -0.213555E+00  -0.258867E+00  -0.296621E+00   0.207498E+00   0.284817E+00   0.267863E+00   0.483492E-02   0.296205E+00  -0.427715E-01   0.707913E-03  -0.188065E+00  -0.210559E-01  -0.208962E-01  -0.107499E+00  -0.139561E+00  -0.140443E+00  -0.487180E-01  -0.227802E-02  -0.725183E-02  -0.117122E+00  -0.116184E+00  -0.180083E+00  -0.181001E+00  -0.124019E+00  -0.128128E+00  -0.127075E+00  -0.119891E+00  -0.913475E-01  -0.181001E+00  -0.148076E+00  -0.170869E+00  -0.173065E+00   0.942659E-01  -0.158578E+00  -0.113490E+00  -0.116656E+00  -0.113968E+00  -0.119907E+00  -0.121630E+00  -0.117433E+00  -0.120270E+00  -0.123291E+00  -0.128435E+00  -0.120866E+00  -0.120278E+00  -0.131180E+00  -0.136364E+00  -0.135882E+00  -0.143941E+00  -0.147306E+00  -0.157005E+00  -0.166089E+00  -0.179948E+00  -0.179738E+00  -0.191222E+00  -0.191139E+00  -0.115433E+00
  0.230400E+06   0.144916E+00   0.172825E+00  -0.109296E+00   0.917400E-01  -0.251347E+00  -0.271526E+00  -0.292298E+00   0.927190E-01   0.276059E+00   0.221752E+00   0.476702E-02   0.321816E+00  -0.673941E-01  -0.139667E-01  -0.236647E+00  -0.360972E-01  -0.354724E-01  -0.157230E+00  -0.221397E+00  -0.222005E+00  -0.875179E-01  -0.652055E-01  -0.693170E-01  -0.201699E+00  -0.199389E+00  -0.242983E+00  -0.243330E+00  -0.204343E+00  -0.205977E+00  -0.185023E+00  -0.202090E+00  -0.160652E+00  -0.243330E+00  -0.222231E+00  -0.230792E+00  -0.242478E+00   0.118849E+00  -0.218908E+00  -0.197961E+00  -0.200668E+00  -0.197451E+00  -0.202729E+00  -0.204162E+00  -0.197146E+00  -0.201588E+00  -0.205174E+00  -0.208924E+00  -0.203148E+00  -0.200283E+00  -0.210931E+00  -0.214716E+00  -0.214118E+00  -0.219646E+00  -0.222306E+00  -0.229063E+00  -0.237151E+00  -0.242846E+00  -0.243225E+00  -0.247418E+00  -0.247677E+00  -0.199176E+00
  0.234000E+06   0.163753E+00   0.380169E-01  -0.165433E+00   0.379746E-01  -0.236466E+00  -0.223176E+00  -0.218068E+00  -0.414155E-01   0.214882E+00   0.138335E+00   0.508102E-02   0.280409E+00  -0.772866E-01  -0.214314E-01  -0.236486E+00  -0.435840E-01  -0.426423E-01  -0.180962E+00  -0.257414E+00  -0.255340E+00  -0.115300E+00  -0.121413E+00  -0.123642E+00  -0.268401E+00  -0.260504E+00  -0.258859E+00  -0.258326E+00  -0.253488E+00  -0.257610E+00  -0.195378E+00  -0.260515E+00  -0.204795E+00  -0.258326E+00  -0.261995E+00  -0.250441E+00  -0.267141E+00   0.133433E+00  -0.245014E+00  -0.261187E+00  -0.269428E+00  -0.266180E+00  -0.261119E+00  -0.260384E+00  -0.257054E+00  -0.260180E+00  -0.261035E+00  -0.259718E+00  -0.260680E+00  -0.258153E+00  -0.261009E+00  -0.261503E+00  -0.260288E+00  -0.262067E+00  -0.261463E+00  -0.263178E+00  -0.264906E+00  -0.259723E+00  -0.259832E+00  -0.252312E+00  -0.252242E+00  -0.261775E+00
  0.237600E+06   0.158325E+00  -0.113585E+00  -0.194547E+00  -0.645757E-01  -0.163255E+00  -0.121298E+00  -0.880011E-01  -0.170428E+00   0.119089E+00   0.315754E-01   0.557953E-02   0.179328E+00  -0.749874E-01  -0.279556E-01  -0.170244E+00  -0.489176E-01  -0.481164E-01  -0.163909E+00  -0.214773E+00  -0.210304E+00  -0.125937E+00  -0.161387E+00  -0.162262E+00  -0.284311E+00  -0.272116E+00  -0.205181E+00  -0.203582E+00  -0.248823E+00  -0.251005E+00  -0.192042E+00  -0.265414E+00  -0.205078E+00  -0.203582E+00  -0.235824E+00  -0.207979E+00  -0.222581E+00   0.128799E+00  -0.243376E+00  -0.277805E+00  -0.280514E+00  -0.277017E+00  -0.266559E+00  -0.263385E+00  -0.266680E+00  -0.265343E+00  -0.261371E+00  -0.253286E+00  -0.263940E+00  -0.261937E+00  -0.251545E+00  -0.246830E+00  -0.245520E+00  -0.240000E+00  -0.235601E+00  -0.229015E+00  -0.224444E+00  -0.208097E+00  -0.207108E+00  -0.189177E+00  -0.188920E+00  -0.272927E+00
  0.241200E+06   0.130067E+00  -0.248803E+00  -0.172479E+00  -0.172863E+00  -0.503062E-01   0.115865E-01   0.652803E-01  -0.277761E+00  -0.290396E-02  -0.890749E-01   0.621918E-02   0.486204E-01  -0.499654E-01  -0.285754E-01  -0.549381E-01  -0.377778E-01  -0.370876E-01  -0.892821E-01  -0.101730E+00  -0.116201E+00  -0.942468E-01  -0.176154E+00  -0.169990E+00  -0.214683E+00  -0.202665E+00  -0.102027E+00  -0.998978E-01  -0.183119E+00  -0.170302E+00  -0.165180E+00  -0.190801E+00  -0.143073E+00  -0.998978E-01  -0.146660E+00  -0.108567E+00  -0.124551E+00   0.103684E+00  -0.186949E+00  -0.219484E+00  -0.210208E+00  -0.207889E+00  -0.195942E+00  -0.195014E+00  -0.195721E+00  -0.190535E+00  -0.186970E+00  -0.179595E+00  -0.188899E+00  -0.187061E+00  -0.170470E+00  -0.163676E+00  -0.165583E+00  -0.152686E+00  -0.148751E+00  -0.136614E+00  -0.130377E+00  -0.105227E+00  -0.104471E+00  -0.811312E-01  -0.815315E-01  -0.204366E+00
  0.244800E+06   0.982205E-01  -0.344018E+00  -0.127523E+00  -0.201582E+00   0.593867E-01   0.142470E+00   0.206144E+00  -0.335767E+00  -0.124372E+00  -0.198860E+00   0.731643E-02  -0.809736E-01   0.410016E-02  -0.715110E-02   0.549084E-01   0.111643E-02   0.166805E-02   0.402748E-02   0.194929E-01   0.797544E-02  -0.711817E-02  -0.134623E+00  -0.125982E+00  -0.859282E-01  -0.802653E-01   0.101287E-01   0.121954E-01  -0.703231E-01  -0.591967E-01  -0.551534E-01  -0.726517E-01  -0.527566E-01   0.121954E-01  -0.356827E-01  -0.107313E-01  -0.104122E-01   0.709507E-01  -0.710810E-01  -0.890732E-01  -0.831375E-01  -0.822223E-01  -0.756836E-01  -0.748700E-01  -0.752787E-01  -0.725096E-01  -0.698849E-01  -0.642565E-01  -0.714330E-01  -0.709717E-01  -0.578894E-01  -0.518624E-01  -0.531684E-01  -0.414638E-01  -0.378110E-01  -0.252824E-01  -0.174202E-01   0.661126E-02   0.775609E-02   0.305921E-01   0.301001E-01  -0.809415E-01
  0.248400E+06   0.658960E-01  -0.381152E+00  -0.702009E-01  -0.173930E+00   0.164820E+00   0.239622E+00   0.300892E+00  -0.333167E+00  -0.229405E+00  -0.278472E+00   0.851741E-02  -0.198156E+00   0.664575E-01   0.397598E-01   0.157873E+00   0.603730E-01   0.606356E-01   0.985273E-01   0.145130E+00   0.138518E+00   0.584607E-01  -0.501993E-01  -0.363159E-01   0.485186E-01   0.548415E-01   0.134607E+00   0.135656E+00   0.568936E-01   0.714644E-01   0.745159E-01   0.600796E-01   0.521915E-01   0.135656E+00   0.942653E-01   0.100742E+00   0.116252E+00   0.324096E-01   0.421014E-01   0.416476E-01   0.515494E-01   0.509438E-01   0.562166E-01   0.557444E-01   0.578239E-01   0.607619E-01   0.616590E-01   0.655557E-01   0.608622E-01   0.610170E-01   0.722552E-01   0.777435E-01   0.758413E-01   0.878092E-01   0.904904E-01   0.102009E+00   0.109629E+00   0.130793E+00   0.132322E+00   0.149632E+00   0.148615E+00   0.524747E-01
  0.252000E+06   0.317142E-01  -0.331326E+00  -0.102100E-01  -0.161587E+00   0.235975E+00   0.280736E+00   0.328990E+00  -0.265032E+00  -0.301711E+00  -0.308965E+00   0.969445E-02  -0.293314E+00   0.109437E+00   0.727954E-01   0.230571E+00   0.100149E+00   0.100221E+00   0.178398E+00   0.249517E+00   0.242602E+00   0.110138E+00   0.369374E-01   0.524432E-01   0.161869E+00   0.168088E+00   0.225750E+00   0.226594E+00   0.163645E+00   0.177834E+00   0.180296E+00   0.170923E+00   0.173438E+00   0.226594E+00   0.196049E+00   0.190172E+00   0.212710E+00   0.185479E+00   0.143201E+00   0.157928E+00   0.163974E+00   0.163867E+00   0.167871E+00   0.166936E+00   0.169073E+00   0.171300E+00   0.171570E+00   0.173201E+00   0.171311E+00   0.171673E+00   0.179060E+00   0.183036E+00   0.180739E+00   0.190345E+00   0.191995E+00   0.201798E+00   0.206452E+00   0.223009E+00   0.224303E+00   0.232423E+00   0.231020E+00   0.165898E+00
  0.255600E+06  -0.336513E-02  -0.205141E+00   0.407893E-01  -0.142885E+00   0.241326E+00   0.255091E+00   0.284857E+00  -0.150119E+00  -0.320320E+00  -0.277170E+00   0.106356E-01  -0.347663E+00   0.134382E+00   0.926846E-01   0.242831E+00   0.127550E+00   0.127737E+00   0.215125E+00   0.293103E+00   0.291575E+00   0.146005E+00   0.112818E+00   0.126005E+00   0.240996E+00   0.243289E+00   0.254808E+00   0.254697E+00   0.229878E+00   0.246400E+00   0.246289E+00   0.244409E+00   0.245436E+00   0.254697E+00   0.249669E+00   0.225170E+00   0.253384E+00   0.244852E+00   0.213267E+00   0.235929E+00   0.239569E+00   0.239585E+00   0.241355E+00   0.238871E+00   0.244497E+00   0.244900E+00   0.242859E+00   0.240063E+00   0.244129E+00   0.244700E+00   0.245290E+00   0.245877E+00   0.242722E+00   0.248025E+00   0.246356E+00   0.250340E+00   0.249856E+00   0.253504E+00   0.254363E+00   0.250250E+00   0.248819E+00   0.241594E+00
  0.259200E+06  -0.367658E-01  -0.584992E-01   0.710667E-01  -0.123672E+00   0.178407E+00   0.170146E+00   0.175750E+00  -0.286015E-01  -0.270646E+00  -0.199467E+00   0.111332E-01  -0.334855E+00   0.137974E+00   0.101583E+00   0.190547E+00   0.135532E+00   0.135841E+00   0.196647E+00   0.244546E+00   0.236307E+00   0.152279E+00   0.166898E+00   0.174572E+00   0.248366E+00   0.248214E+00   0.211976E+00   0.211203E+00   0.228968E+00   0.243000E+00   0.240156E+00   0.246671E+00   0.245845E+00   0.211203E+00   0.229493E+00   0.195054E+00   0.220494E+00   0.235756E+00   0.194003E+00   0.246158E+00   0.246949E+00   0.246861E+00   0.244483E+00   0.241093E+00   0.247735E+00   0.247238E+00   0.242986E+00   0.236283E+00   0.245631E+00   0.246730E+00   0.239325E+00   0.236317E+00   0.233022E+00   0.232644E+00   0.228220E+00   0.225731E+00   0.220785E+00   0.212188E+00   0.212406E+00   0.198987E+00   0.197920E+00   0.247819E+00
  0.262800E+06  -0.639273E-01   0.650869E-01   0.825368E-01  -0.721616E-01   0.718782E-01   0.442691E-01   0.267026E-01   0.829555E-01  -0.186157E+00  -0.101139E+00   0.116864E-01  -0.263630E+00   0.114010E+00   0.976754E-01   0.943610E-01   0.118791E+00   0.119228E+00   0.121512E+00   0.154024E+00   0.147338E+00   0.118545E+00   0.168845E+00   0.166685E+00   0.173251E+00   0.169804E+00   0.115871E+00   0.114176E+00   0.158418E+00   0.159343E+00   0.157645E+00   0.166578E+00   0.163787E+00   0.114176E+00   0.139757E+00   0.117815E+00   0.122531E+00   0.153744E+00   0.125095E+00   0.176291E+00   0.171330E+00   0.171023E+00   0.167081E+00   0.165757E+00   0.168133E+00   0.166666E+00   0.163383E+00   0.157812E+00   0.165488E+00   0.166720E+00   0.155908E+00   0.151411E+00   0.150476E+00   0.144722E+00   0.141119E+00   0.135213E+00   0.128212E+00   0.117052E+00   0.116270E+00   0.998651E-01   0.993921E-01   0.170647E+00
  0.266400E+06  -0.713408E-01   0.165027E+00   0.494721E-01   0.406486E-01  -0.417223E-01  -0.868891E-01  -0.116868E+00   0.163510E+00  -0.765378E-01  -0.109581E-02   0.116268E-01  -0.154906E+00   0.636014E-01   0.766093E-01  -0.902483E-02   0.748190E-01   0.753240E-01   0.339144E-01   0.497920E-01   0.470501E-01   0.491958E-01   0.121002E+00   0.109324E+00   0.596852E-01   0.581995E-01   0.400100E-02   0.269430E-02   0.504854E-01   0.492956E-01   0.467243E-01   0.553777E-01   0.650451E-01   0.269430E-02   0.321823E-01   0.724715E-02   0.108283E-01   0.117588E+00   0.158556E-01   0.619890E-01   0.594657E-01   0.603761E-01   0.556593E-01   0.542194E-01   0.584853E-01   0.555313E-01   0.524829E-01   0.475253E-01   0.544476E-01   0.562783E-01   0.453400E-01   0.406159E-01   0.405535E-01   0.334919E-01   0.309674E-01   0.240524E-01   0.161550E-01   0.434929E-02   0.478300E-02  -0.101921E-01  -0.103265E-01   0.593138E-01
  0.270000E+06  -0.469328E-01   0.229979E+00  -0.494685E-02   0.124830E+00  -0.148800E+00  -0.193412E+00  -0.228294E+00   0.191688E+00   0.374474E-01   0.888575E-01   0.113268E-01  -0.255477E-01   0.256520E-02   0.369228E-01  -0.119385E+00   0.204708E-01   0.208300E-01  -0.500988E-01  -0.637182E-01  -0.597001E-01  -0.882494E-02   0.505936E-01   0.405798E-01  -0.388724E-01  -0.437776E-01  -0.109516E+00  -0.110633E+00  -0.507471E-01  -0.557905E-01  -0.576193E-01  -0.475993E-01  -0.284050E-01  -0.110633E+00  -0.758548E-01  -0.103079E+00  -0.100743E+00   0.115815E+00  -0.870688E-01  -0.379271E-01  -0.436347E-01  -0.411303E-01  -0.466940E-01  -0.477681E-01  -0.441535E-01  -0.475495E-01  -0.508177E-01  -0.557388E-01  -0.487857E-01  -0.471003E-01  -0.598463E-01  -0.650400E-01  -0.641945E-01  -0.728707E-01  -0.760336E-01  -0.856167E-01  -0.940729E-01  -0.109389E+00  -0.108844E+00  -0.121988E+00  -0.121695E+00  -0.422466E-01
  0.273600E+06  -0.140458E-01   0.237690E+00  -0.488423E-01   0.115355E+00  -0.211224E+00  -0.237350E+00  -0.275332E+00   0.164081E+00   0.127541E+00   0.146555E+00   0.110720E-01   0.907867E-01  -0.381129E-01   0.112303E-01  -0.194206E+00  -0.130706E-01  -0.126962E-01  -0.118955E+00  -0.164308E+00  -0.158584E+00  -0.541250E-01  -0.165366E-01  -0.217855E-01  -0.131913E+00  -0.131092E+00  -0.190335E+00  -0.191063E+00  -0.140123E+00  -0.141752E+00  -0.143587E+00  -0.135108E+00  -0.105111E+00  -0.191063E+00  -0.161329E+00  -0.180985E+00  -0.184479E+00   0.109114E+00  -0.161605E+00  -0.129745E+00  -0.131651E+00  -0.129086E+00  -0.135576E+00  -0.137341E+00  -0.130958E+00  -0.135569E+00  -0.138773E+00  -0.143603E+00  -0.136260E+00  -0.133865E+00  -0.146343E+00  -0.151021E+00  -0.150326E+00  -0.157724E+00  -0.160666E+00  -0.169756E+00  -0.178034E+00  -0.190217E+00  -0.190047E+00  -0.198311E+00  -0.197904E+00  -0.130884E+00
  0.277200E+06   0.191491E-01   0.189448E+00  -0.783998E-01   0.123525E+00  -0.216099E+00  -0.225474E+00  -0.246921E+00   0.913711E-01   0.179045E+00   0.151672E+00   0.110153E-01   0.181697E+00  -0.580821E-01  -0.140336E-02  -0.213074E+00  -0.317270E-01  -0.314010E-01  -0.157370E+00  -0.223585E+00  -0.222641E+00  -0.865843E-01  -0.771439E-01  -0.818740E-01  -0.190605E+00  -0.196560E+00  -0.219280E+00  -0.219335E+00  -0.210459E+00  -0.197964E+00  -0.183300E+00  -0.198514E+00  -0.155855E+00  -0.219335E+00  -0.210173E+00  -0.211835E+00  -0.222883E+00   0.739651E-01  -0.200379E+00  -0.202952E+00  -0.198221E+00  -0.195748E+00  -0.203112E+00  -0.206069E+00  -0.192934E+00  -0.196450E+00  -0.203513E+00  -0.207670E+00  -0.200079E+00  -0.194953E+00  -0.205143E+00  -0.207502E+00  -0.209063E+00  -0.208904E+00  -0.212228E+00  -0.214126E+00  -0.221130E+00  -0.219606E+00  -0.219757E+00  -0.220146E+00  -0.220398E+00  -0.198082E+00
  0.280800E+06   0.526263E-01   0.957018E-01  -0.775723E-01   0.107080E+00  -0.154739E+00  -0.148685E+00  -0.151762E+00   0.217002E-01   0.176105E+00   0.121718E+00   0.114981E-01   0.221905E+00  -0.631408E-01  -0.107554E-01  -0.163017E+00  -0.407378E-01  -0.404320E-01  -0.145996E+00  -0.206560E+00  -0.208013E+00  -0.100042E+00  -0.126476E+00  -0.128817E+00  -0.232362E+00  -0.219270E+00  -0.172452E+00  -0.171501E+00  -0.230721E+00  -0.203984E+00  -0.182529E+00  -0.215652E+00  -0.164407E+00  -0.171501E+00  -0.195278E+00  -0.173297E+00  -0.188847E+00   0.738414E-01  -0.221806E+00  -0.237879E+00  -0.229947E+00  -0.227941E+00  -0.225095E+00  -0.228542E+00  -0.209861E+00  -0.212403E+00  -0.219889E+00  -0.220216E+00  -0.216744E+00  -0.209553E+00  -0.209932E+00  -0.207199E+00  -0.211381E+00  -0.199313E+00  -0.201076E+00  -0.190352E+00  -0.194237E+00  -0.174072E+00  -0.173927E+00  -0.165515E+00  -0.166915E+00  -0.223637E+00
  0.284400E+06   0.800033E-01   0.592951E-02  -0.486276E-01   0.491358E-01  -0.361957E-01  -0.291445E-01  -0.157547E-01  -0.353791E-01   0.139102E+00   0.815980E-01   0.119859E-01   0.197798E+00  -0.406131E-01  -0.145296E-01  -0.425759E-01  -0.307876E-01  -0.304628E-01  -0.610673E-01  -0.104599E+00  -0.106249E+00  -0.674621E-01  -0.142091E+00  -0.139330E+00  -0.190461E+00  -0.164641E+00  -0.575123E-01  -0.558575E-01  -0.189761E+00  -0.125710E+00  -0.122393E+00  -0.153678E+00  -0.110773E+00  -0.558575E-01  -0.104761E+00  -0.620425E-01  -0.846957E-01   0.496204E-01  -0.186483E+00  -0.206539E+00  -0.167971E+00  -0.167461E+00  -0.172168E+00  -0.180501E+00  -0.150745E+00  -0.148840E+00  -0.159659E+00  -0.161827E+00  -0.154639E+00  -0.144770E+00  -0.137392E+00  -0.130790E+00  -0.141535E+00  -0.113495E+00  -0.117842E+00  -0.935872E-01  -0.995262E-01  -0.593707E-01  -0.601495E-01  -0.486764E-01  -0.524552E-01  -0.171694E+00
  0.288000E+06   0.899426E-01  -0.637665E-01   0.185539E-01  -0.197999E-01   0.822371E-01   0.100323E+00   0.120786E+00  -0.542280E-01   0.852568E-01   0.355182E-01   0.123750E-01   0.122345E+00   0.209326E-01   0.555565E-02   0.750981E-01   0.157058E-01   0.159493E-01   0.398070E-01   0.311134E-01   0.238207E-01   0.325470E-01  -0.120628E+00  -0.116179E+00  -0.800343E-01  -0.571325E-01   0.487653E-01   0.506737E-01  -0.856089E-01  -0.258318E-01  -0.227675E-01  -0.494874E-01  -0.294674E-01   0.506737E-01  -0.290427E-02   0.272036E-01   0.206762E-01   0.209754E-01  -0.899450E-01  -0.972285E-01  -0.655470E-01  -0.665246E-01  -0.663358E-01  -0.742539E-01  -0.477417E-01  -0.452530E-01  -0.554263E-01  -0.581530E-01  -0.505191E-01  -0.420563E-01  -0.356164E-01  -0.292868E-01  -0.394035E-01  -0.121429E-01  -0.158247E-01   0.923567E-02   0.527486E-02   0.467550E-01   0.457884E-01   0.615981E-01   0.576377E-01  -0.670991E-01
  0.291600E+06   0.716002E-01  -0.882384E-01   0.950246E-01  -0.319835E-01   0.179701E+00   0.203047E+00   0.224851E+00  -0.312927E-01   0.216441E-01  -0.244478E-02   0.127851E-01   0.346629E-01   0.819438E-01   0.562561E-01   0.170671E+00   0.796742E-01   0.800074E-01   0.122199E+00   0.157544E+00   0.146540E+00   0.837269E-01  -0.648922E-01  -0.554410E-01   0.524318E-01   0.697102E-01   0.153833E+00   0.155384E+00   0.447481E-01   0.919458E-01   0.945260E-01   0.762046E-01   0.677837E-01   0.155384E+00   0.111963E+00   0.122203E+00   0.131751E+00  -0.959669E-02   0.325528E-01   0.388451E-01   0.640767E-01   0.624082E-01   0.633801E-01   0.565866E-01   0.756145E-01   0.787972E-01   0.716606E-01   0.687771E-01   0.755505E-01   0.816228E-01   0.863541E-01   0.913604E-01   0.834971E-01   0.104665E+00   0.102406E+00   0.121066E+00   0.120704E+00   0.151461E+00   0.151486E+00   0.164183E+00   0.161459E+00   0.630498E-01
  0.295200E+06   0.457238E-01  -0.637552E-01   0.164596E+00  -0.124023E-02   0.252837E+00   0.257082E+00   0.270892E+00   0.290579E-01  -0.150989E-01  -0.904586E-02   0.131097E-01  -0.291787E-01   0.125702E+00   0.903624E-01   0.244587E+00   0.119176E+00   0.119392E+00   0.198131E+00   0.255601E+00   0.244699E+00   0.132603E+00   0.181250E-01   0.334961E-01   0.163979E+00   0.179919E+00   0.246002E+00   0.247052E+00   0.157013E+00   0.198485E+00   0.201523E+00   0.185318E+00   0.192084E+00   0.247052E+00   0.215336E+00   0.212215E+00   0.229950E+00   0.204411E+00   0.124842E+00   0.152112E+00   0.173764E+00   0.172530E+00   0.173944E+00   0.167821E+00   0.184939E+00   0.187631E+00   0.181061E+00   0.178119E+00   0.184575E+00   0.190221E+00   0.193546E+00   0.197631E+00   0.190619E+00   0.207919E+00   0.206381E+00   0.221335E+00   0.220869E+00   0.244001E+00   0.244352E+00   0.249839E+00   0.247216E+00   0.173838E+00
  0.298800E+06   0.239563E-01   0.228120E-01   0.212769E+00   0.163720E-01   0.260467E+00   0.242759E+00   0.239262E+00   0.126058E+00  -0.140790E-01   0.233640E-01   0.132266E-01  -0.553336E-01   0.154348E+00   0.113989E+00   0.262574E+00   0.148662E+00   0.148914E+00   0.240707E+00   0.310701E+00   0.296396E+00   0.173011E+00   0.992124E-01   0.113740E+00   0.242666E+00   0.251518E+00   0.278228E+00   0.278510E+00   0.229548E+00   0.261560E+00   0.262345E+00   0.254133E+00   0.258142E+00   0.278510E+00   0.267262E+00   0.249722E+00   0.272243E+00   0.262355E+00   0.202819E+00   0.233570E+00   0.247269E+00   0.246430E+00   0.246407E+00   0.241412E+00   0.254857E+00   0.255732E+00   0.250225E+00   0.245857E+00   0.253318E+00   0.257246E+00   0.256698E+00   0.258098E+00   0.252222E+00   0.263549E+00   0.260153E+00   0.269178E+00   0.265827E+00   0.277467E+00   0.277555E+00   0.272909E+00   0.270685E+00   0.247686E+00
  0.302400E+06   0.665678E-02   0.146829E+00   0.234948E+00   0.328770E-01   0.198434E+00   0.163644E+00   0.139846E+00   0.237297E+00   0.302851E-01   0.907855E-01   0.132369E-01  -0.285521E-01   0.162243E+00   0.126734E+00   0.216388E+00   0.160737E+00   0.161096E+00   0.223215E+00   0.276431E+00   0.269627E+00   0.183928E+00   0.162896E+00   0.172324E+00   0.264057E+00   0.267100E+00   0.239757E+00   0.239190E+00   0.237203E+00   0.265645E+00   0.263347E+00   0.266031E+00   0.266843E+00   0.239190E+00   0.253921E+00   0.223182E+00   0.245259E+00   0.260530E+00   0.220863E+00   0.257369E+00   0.265386E+00   0.264683E+00   0.260645E+00   0.254761E+00   0.267698E+00   0.267255E+00   0.260501E+00   0.251776E+00   0.264574E+00   0.267741E+00   0.259447E+00   0.256942E+00   0.251311E+00   0.255603E+00   0.249617E+00   0.250639E+00   0.243574E+00   0.240259E+00   0.239845E+00   0.226114E+00   0.224416E+00   0.265231E+00
  0.306000E+06   0.313339E-02   0.257197E+00   0.216945E+00   0.807634E-01   0.901122E-01   0.349500E-01  -0.834529E-02   0.317665E+00   0.110926E+00   0.173074E+00   0.129129E-01   0.498459E-01   0.142535E+00   0.126122E+00   0.123662E+00   0.147930E+00   0.148402E+00   0.153034E+00   0.185490E+00   0.187753E+00   0.153373E+00   0.179424E+00   0.178243E+00   0.194731E+00   0.193978E+00   0.144166E+00   0.142889E+00   0.172725E+00   0.184898E+00   0.182457E+00   0.190744E+00   0.188794E+00   0.142889E+00   0.166309E+00   0.147074E+00   0.150664E+00   0.181504E+00   0.143697E+00   0.193911E+00   0.195255E+00   0.194587E+00   0.188469E+00   0.184790E+00   0.192763E+00   0.191580E+00   0.185627E+00   0.177780E+00   0.189178E+00   0.191701E+00   0.179469E+00   0.175060E+00   0.172176E+00   0.170211E+00   0.165091E+00   0.161213E+00   0.153385E+00   0.145972E+00   0.144910E+00   0.127656E+00   0.126597E+00   0.193619E+00
  0.309600E+06   0.285534E-01   0.330533E+00   0.126735E+00   0.184661E+00  -0.398229E-01  -0.110542E+00  -0.163266E+00   0.349744E+00   0.204305E+00   0.251557E+00   0.129750E-01   0.156401E+00   0.889062E-01   0.105082E+00   0.440830E-02   0.102902E+00   0.103472E+00   0.543868E-01   0.750128E-01   0.760820E-01   0.788748E-01   0.133376E+00   0.122080E+00   0.804938E-01   0.817059E-01   0.212852E-01   0.196053E-01   0.634234E-01   0.728328E-01   0.708302E-01   0.788099E-01   0.863212E-01   0.196053E-01   0.527156E-01   0.255225E-01   0.285175E-01   0.116775E+00   0.292916E-01   0.808765E-01   0.816483E-01   0.828745E-01   0.762237E-01   0.725767E-01   0.815404E-01   0.799449E-01   0.733655E-01   0.653470E-01   0.771713E-01   0.803205E-01   0.663009E-01   0.608421E-01   0.587381E-01   0.538440E-01   0.493496E-01   0.437512E-01   0.329649E-01   0.216876E-01   0.220509E-01   0.239494E-02   0.157054E-02   0.815116E-01
  0.313200E+06   0.646505E-01   0.355522E+00   0.326922E-01   0.194279E+00  -0.164137E+00  -0.233503E+00  -0.284044E+00   0.314873E+00   0.288976E+00   0.304764E+00   0.134202E-01   0.266128E+00   0.237284E-01   0.611498E-01  -0.122219E+00   0.459663E-01   0.465244E-01  -0.391137E-01  -0.419447E-01  -0.427045E-01   0.126249E-01   0.605060E-01   0.502524E-01  -0.328459E-01  -0.354493E-01  -0.108126E+00  -0.109446E+00  -0.453369E-01  -0.465884E-01  -0.480070E-01  -0.390707E-01  -0.198557E-01  -0.109446E+00  -0.691943E-01  -0.997488E-01  -0.993093E-01   0.118763E+00  -0.937038E-01  -0.315076E-01  -0.362452E-01  -0.333913E-01  -0.392351E-01  -0.410965E-01  -0.355783E-01  -0.390288E-01  -0.431505E-01  -0.494455E-01  -0.403321E-01  -0.372611E-01  -0.520225E-01  -0.579569E-01  -0.581716E-01  -0.662204E-01  -0.708106E-01  -0.806580E-01  -0.920833E-01  -0.108144E+00  -0.107623E+00  -0.124777E+00  -0.125029E+00  -0.345548E-01
  0.316800E+06   0.102678E+00   0.307654E+00  -0.684968E-01   0.164174E+00  -0.256131E+00  -0.304649E+00  -0.343446E+00   0.220261E+00   0.332578E+00   0.306889E+00   0.139119E-01   0.346942E+00  -0.148992E-01   0.385708E-01  -0.222913E+00   0.216212E-01   0.227550E-01  -0.116173E+00  -0.153476E+00  -0.159169E+00  -0.381391E-01  -0.118648E-01  -0.166918E-01  -0.144395E+00  -0.140767E+00  -0.216640E+00  -0.217721E+00  -0.147996E+00  -0.151696E+00  -0.153417E+00  -0.144854E+00  -0.113827E+00  -0.217721E+00  -0.176104E+00  -0.201664E+00  -0.207715E+00   0.704089E-01  -0.190406E+00  -0.137603E+00  -0.141484E+00  -0.138391E+00  -0.144854E+00  -0.146447E+00  -0.141745E+00  -0.144886E+00  -0.148633E+00  -0.154286E+00  -0.146025E+00  -0.143350E+00  -0.157497E+00  -0.163324E+00  -0.162881E+00  -0.169741E+00  -0.176090E+00  -0.188127E+00  -0.199290E+00  -0.216178E+00  -0.216150E+00  -0.229401E+00  -0.229164E+00  -0.139959E+00
  0.320400E+06   0.141885E+00   0.174816E+00  -0.151591E+00   0.143195E+00  -0.292133E+00  -0.302584E+00  -0.318888E+00   0.856084E-01   0.312139E+00   0.245089E+00   0.146116E-01   0.371859E+00  -0.375633E-01   0.278486E-01  -0.276082E+00   0.236964E-02   0.346727E-02  -0.176687E+00  -0.252786E+00  -0.256901E+00  -0.813392E-01  -0.773136E-01  -0.816420E-01  -0.221023E+00  -0.233043E+00  -0.289430E+00  -0.289899E+00  -0.234160E+00  -0.244557E+00  -0.194253E+00  -0.237293E+00  -0.192781E+00  -0.289899E+00  -0.262133E+00  -0.268750E+00  -0.285181E+00   0.109191E+00  -0.252154E+00  -0.228339E+00  -0.233872E+00  -0.230219E+00  -0.236262E+00  -0.236464E+00  -0.233182E+00  -0.237321E+00  -0.239686E+00  -0.242617E+00  -0.238090E+00  -0.236198E+00  -0.246268E+00  -0.250937E+00  -0.249691E+00  -0.258329E+00  -0.260478E+00  -0.270813E+00  -0.278109E+00  -0.288535E+00  -0.289248E+00  -0.292091E+00  -0.291456E+00  -0.232352E+00
  0.324000E+06   0.171827E+00  -0.321391E-02  -0.201400E+00   0.823434E-01  -0.257243E+00  -0.227600E+00  -0.216884E+00  -0.708655E-01   0.236003E+00   0.147464E+00   0.155593E-01   0.313105E+00  -0.533192E-01   0.205290E-01  -0.259975E+00  -0.161525E-01  -0.153724E-01  -0.202112E+00  -0.301112E+00  -0.297209E+00  -0.114779E+00  -0.133595E+00  -0.136741E+00  -0.300224E+00  -0.294085E+00  -0.291690E+00  -0.291027E+00  -0.282990E+00  -0.293936E+00  -0.203824E+00  -0.295033E+00  -0.241466E+00  -0.291027E+00  -0.297048E+00  -0.278270E+00  -0.298788E+00   0.624536E-01  -0.266543E+00  -0.290972E+00  -0.299366E+00  -0.295842E+00  -0.293969E+00  -0.292199E+00  -0.292438E+00  -0.294954E+00  -0.294589E+00  -0.292087E+00  -0.295024E+00  -0.293979E+00  -0.295601E+00  -0.295915E+00  -0.293302E+00  -0.296856E+00  -0.294919E+00  -0.297746E+00  -0.296949E+00  -0.292142E+00  -0.292382E+00  -0.280611E+00  -0.279835E+00  -0.293501E+00
  0.327600E+06   0.171726E+00  -0.174582E+00  -0.214018E+00  -0.157111E-01  -0.156927E+00  -0.964359E-01  -0.606427E-01  -0.215100E+00   0.124772E+00   0.264659E-01   0.167465E-01   0.190848E+00  -0.494197E-01   0.142007E-01  -0.163700E+00  -0.206691E-01  -0.200058E-01  -0.160951E+00  -0.226471E+00  -0.229829E+00  -0.124099E+00  -0.171024E+00  -0.171646E+00  -0.284261E+00  -0.281350E+00  -0.194535E+00  -0.193100E+00  -0.259695E+00  -0.259306E+00  -0.194400E+00  -0.274364E+00  -0.221779E+00  -0.193100E+00  -0.235197E+00  -0.198379E+00  -0.212039E+00   0.527451E-01  -0.246513E+00  -0.287616E+00  -0.287670E+00  -0.284650E+00  -0.276104E+00  -0.273364E+00  -0.277561E+00  -0.273791E+00  -0.270315E+00  -0.261709E+00  -0.272932E+00  -0.273187E+00  -0.258186E+00  -0.251851E+00  -0.251273E+00  -0.241130E+00  -0.236713E+00  -0.225006E+00  -0.219708E+00  -0.196599E+00  -0.195672E+00  -0.176665E+00  -0.177020E+00  -0.281603E+00
  0.331200E+06   0.137766E+00  -0.312679E+00  -0.166004E+00  -0.133816E+00  -0.263135E-01   0.604887E-01   0.113742E+00  -0.318349E+00  -0.867472E-02  -0.103898E+00   0.177096E-01   0.442895E-01  -0.161838E-01   0.173333E-01  -0.284342E-01  -0.239407E-02  -0.187105E-02  -0.619910E-01  -0.911896E-01  -0.103967E+00  -0.733048E-01  -0.163283E+00  -0.157332E+00  -0.163762E+00  -0.158430E+00  -0.669891E-01  -0.652875E-01  -0.154790E+00  -0.139780E+00  -0.137529E+00  -0.153441E+00  -0.124053E+00  -0.652875E-01  -0.116330E+00  -0.733980E-01  -0.856114E-01   0.211195E-01  -0.144130E+00  -0.170211E+00  -0.159235E+00  -0.157953E+00  -0.157159E+00  -0.157160E+00  -0.156393E+00  -0.152662E+00  -0.151578E+00  -0.146455E+00  -0.152645E+00  -0.153454E+00  -0.139221E+00  -0.133067E+00  -0.134545E+00  -0.122362E+00  -0.118684E+00  -0.104376E+00  -0.958240E-01  -0.691374E-01  -0.684584E-01  -0.463818E-01  -0.472532E-01  -0.158690E+00
  0.334800E+06   0.100172E+00  -0.395035E+00  -0.972552E-01  -0.173791E+00   0.105673E+00   0.203250E+00   0.263131E+00  -0.351732E+00  -0.135682E+00  -0.213518E+00   0.191372E-01  -0.943668E-01   0.432336E-01   0.400489E-01   0.100099E+00   0.408032E-01   0.410923E-01   0.555676E-01   0.494219E-01   0.395543E-01   0.326515E-01  -0.891185E-01  -0.781131E-01  -0.117114E-01  -0.790224E-02   0.787028E-01   0.802938E-01  -0.672105E-02   0.704401E-02   0.877883E-02  -0.351069E-02  -0.614343E-02   0.802938E-01   0.302706E-01   0.513088E-01   0.607017E-01  -0.197304E-01  -0.271260E-02  -0.172867E-01  -0.106743E-01  -0.108576E-01  -0.653135E-02  -0.637345E-02  -0.582173E-02  -0.276144E-02  -0.186544E-02   0.241179E-02  -0.281125E-02  -0.361444E-02   0.823716E-02   0.139010E-01   0.125674E-01   0.243722E-01   0.276751E-01   0.406766E-01   0.503992E-01   0.754628E-01   0.769522E-01   0.961857E-01   0.949814E-01  -0.963204E-02
  0.338400E+06   0.633039E-01  -0.394844E+00  -0.240697E-01  -0.142110E+00   0.226318E+00   0.296273E+00   0.352275E+00  -0.319264E+00  -0.240609E+00  -0.283258E+00   0.210158E-01  -0.215520E+00   0.115620E+00   0.857015E-01   0.217854E+00   0.112783E+00   0.113117E+00   0.162990E+00   0.192917E+00   0.182526E+00   0.109215E+00   0.110641E-01   0.263896E-01   0.127744E+00   0.133136E+00   0.214976E+00   0.216000E+00   0.130941E+00   0.147272E+00   0.150217E+00   0.137280E+00   0.142317E+00   0.216000E+00   0.171873E+00   0.176548E+00   0.196359E+00   0.146969E+00   0.110550E+00   0.120600E+00   0.128850E+00   0.128777E+00   0.133539E+00   0.132917E+00   0.136941E+00   0.138389E+00   0.138681E+00   0.142128E+00   0.138021E+00   0.139566E+00   0.149008E+00   0.154439E+00   0.152477E+00   0.162671E+00   0.167353E+00   0.180797E+00   0.188036E+00   0.211023E+00   0.212916E+00   0.226607E+00   0.224854E+00   0.130577E+00
  0.342000E+06   0.260019E-01  -0.298271E+00   0.438815E-01  -0.120604E+00   0.290576E+00   0.320293E+00   0.355451E+00  -0.229062E+00  -0.302311E+00  -0.294486E+00   0.221953E-01  -0.310166E+00   0.165881E+00   0.122092E+00   0.286559E+00   0.161999E+00   0.162550E+00   0.242477E+00   0.308354E+00   0.298360E+00   0.163388E+00   0.959756E-01   0.112167E+00   0.243362E+00   0.248688E+00   0.296849E+00   0.297091E+00   0.237878E+00   0.256909E+00   0.258263E+00   0.251119E+00   0.253162E+00   0.297091E+00   0.271493E+00   0.259412E+00   0.286043E+00   0.259482E+00   0.214919E+00   0.235988E+00   0.243931E+00   0.243861E+00   0.246826E+00   0.244627E+00   0.250438E+00   0.251850E+00   0.250427E+00   0.250075E+00   0.251127E+00   0.251510E+00   0.257099E+00   0.260240E+00   0.257051E+00   0.266614E+00   0.266995E+00   0.275890E+00   0.279280E+00   0.294421E+00   0.295710E+00   0.298828E+00   0.296659E+00   0.245980E+00
  0.345600E+06  -0.101151E-01  -0.138165E+00   0.900428E-01  -0.108982E+00   0.269889E+00   0.264106E+00   0.275590E+00  -0.904116E-01  -0.299689E+00  -0.237979E+00   0.224590E-01  -0.354420E+00   0.192345E+00   0.144281E+00   0.278014E+00   0.190422E+00   0.191180E+00   0.262973E+00   0.342718E+00   0.337596E+00   0.195984E+00   0.172412E+00   0.185822E+00   0.303368E+00   0.306239E+00   0.301062E+00   0.300377E+00   0.285947E+00   0.308786E+00   0.307230E+00   0.306895E+00   0.308682E+00   0.300377E+00   0.305814E+00   0.272822E+00   0.304823E+00   0.306231E+00   0.264769E+00   0.298003E+00   0.302355E+00   0.302377E+00   0.302665E+00   0.298883E+00   0.306941E+00   0.307965E+00   0.303756E+00   0.298385E+00   0.306224E+00   0.307888E+00   0.305158E+00   0.304451E+00   0.299812E+00   0.305441E+00   0.301353E+00   0.305032E+00   0.300695E+00   0.300464E+00   0.301091E+00   0.290053E+00   0.288139E+00   0.304376E+00
  0.349200E+06  -0.432151E-01   0.126438E-01   0.111515E+00  -0.872890E-01   0.166729E+00   0.144977E+00   0.130366E+00   0.437621E-01  -0.232685E+00  -0.149636E+00   0.227570E-01  -0.319206E+00   0.185820E+00   0.150943E+00   0.190279E+00   0.190289E+00   0.191181E+00   0.210931E+00   0.263804E+00   0.262372E+00   0.186747E+00   0.210469E+00   0.215852E+00   0.277500E+00   0.274168E+00   0.214232E+00   0.212947E+00   0.252241E+00   0.261422E+00   0.258107E+00   0.269581E+00   0.266435E+00   0.212947E+00   0.240500E+00   0.204136E+00   0.226306E+00   0.253305E+00   0.209723E+00   0.275043E+00   0.274932E+00   0.274636E+00   0.268720E+00   0.265377E+00   0.271687E+00   0.269861E+00   0.265048E+00   0.257142E+00   0.268078E+00   0.268754E+00   0.257563E+00   0.252806E+00   0.250367E+00   0.245963E+00   0.240940E+00   0.235059E+00   0.228948E+00   0.215484E+00   0.215145E+00   0.197282E+00   0.196146E+00   0.274539E+00
  0.352800E+06  -0.665436E-01   0.135007E+00   0.931810E-01  -0.865613E-02   0.310083E-01  -0.115186E-01  -0.434135E-01   0.146033E+00  -0.138855E+00  -0.509549E-01   0.229417E-01  -0.230692E+00   0.133239E+00   0.133034E+00   0.649116E-01   0.147285E+00   0.148293E+00   0.106118E+00   0.144802E+00   0.145881E+00   0.119585E+00   0.185876E+00   0.180607E+00   0.160574E+00   0.157737E+00   0.905627E-01   0.886577E-01   0.145860E+00   0.145207E+00   0.143572E+00   0.153946E+00   0.150528E+00   0.886577E-01   0.121103E+00   0.969981E-01   0.987044E-01   0.152273E+00   0.106542E+00   0.164733E+00   0.160330E+00   0.160036E+00   0.154371E+00   0.152759E+00   0.156044E+00   0.154232E+00   0.150135E+00   0.143705E+00   0.152632E+00   0.153392E+00   0.141056E+00   0.135397E+00   0.134948E+00   0.125190E+00   0.123332E+00   0.115647E+00   0.106756E+00   0.925761E-01   0.918660E-01   0.706698E-01   0.702720E-01   0.158823E+00
  0.356400E+06  -0.608954E-01   0.217669E+00   0.123506E-01   0.121662E+00  -0.103105E+00  -0.155858E+00  -0.202255E+00   0.182996E+00  -0.234137E-01   0.430104E-01   0.234629E-01  -0.109469E+00   0.548970E-01   0.862119E-01  -0.652299E-01   0.715857E-01   0.722232E-01   0.653855E-02   0.943973E-02   0.183915E-01   0.379071E-01   0.122171E+00   0.106866E+00   0.350827E-01   0.321572E-01  -0.421151E-01  -0.437628E-01   0.186546E-01   0.184539E-01   0.141941E-01   0.273583E-01   0.386233E-01  -0.437628E-01  -0.374032E-02  -0.363806E-01  -0.309531E-01   0.114968E+00  -0.232173E-01   0.382603E-01   0.331584E-01   0.346043E-01   0.275757E-01   0.254785E-01   0.304668E-01   0.285138E-01   0.228664E-01   0.159443E-01   0.256965E-01   0.295210E-01   0.131794E-01   0.698008E-02   0.682594E-02  -0.189463E-02  -0.603690E-02  -0.160066E-01  -0.255116E-01  -0.414400E-01  -0.409385E-01  -0.603708E-01  -0.607119E-01   0.334297E-01
  0.360000E+06  -0.301287E-01   0.243739E+00  -0.558952E-01   0.123799E+00  -0.216551E+00  -0.264618E+00  -0.306934E+00   0.159414E+00   0.770299E-01   0.109783E+00   0.241425E-01   0.187775E-01  -0.836059E-02   0.445823E-01  -0.183140E+00   0.111632E-01   0.111739E-01  -0.869000E-01  -0.118481E+00  -0.107313E+00  -0.171222E-01   0.431364E-01   0.329316E-01  -0.794861E-01  -0.792378E-01  -0.165961E+00  -0.167442E+00  -0.909769E-01  -0.947789E-01  -0.967821E-01  -0.856445E-01  -0.619935E-01  -0.167442E+00  -0.121165E+00  -0.153858E+00  -0.152992E+00   0.108327E+00  -0.140494E+00  -0.729355E-01  -0.795348E-01  -0.768340E-01  -0.845362E-01  -0.862055E-01  -0.821922E-01  -0.853137E-01  -0.898886E-01  -0.965777E-01  -0.871428E-01  -0.851947E-01  -0.100764E+00  -0.107419E+00  -0.106988E+00  -0.117266E+00  -0.121969E+00  -0.133911E+00  -0.145487E+00  -0.165022E+00  -0.164877E+00  -0.182362E+00  -0.182170E+00  -0.783769E-01
  0.363600E+06   0.323820E-02   0.201097E+00  -0.116133E+00   0.129288E+00  -0.276404E+00  -0.300165E+00  -0.330679E+00   0.782538E-01   0.133700E+00   0.126517E+00   0.248301E-01   0.116199E+00  -0.474178E-01   0.201196E-01  -0.258051E+00  -0.184386E-01  -0.183080E-01  -0.159492E+00  -0.221566E+00  -0.220656E+00  -0.671020E-01  -0.305211E-01  -0.362999E-01  -0.178666E+00  -0.179225E+00  -0.254516E+00  -0.255466E+00  -0.186998E+00  -0.193791E+00  -0.183300E+00  -0.184848E+00  -0.148993E+00  -0.255466E+00  -0.217634E+00  -0.236345E+00  -0.245461E+00   0.910769E-01  -0.215196E+00  -0.173322E+00  -0.178623E+00  -0.175632E+00  -0.183659E+00  -0.184981E+00  -0.181261E+00  -0.184665E+00  -0.188431E+00  -0.193738E+00  -0.186155E+00  -0.184224E+00  -0.198368E+00  -0.204143E+00  -0.202771E+00  -0.212886E+00  -0.216270E+00  -0.228298E+00  -0.237887E+00  -0.253402E+00  -0.253812E+00  -0.263354E+00  -0.262781E+00  -0.177908E+00
  0.367200E+06   0.362241E-01   0.909942E-01  -0.145920E+00   0.121889E+00  -0.266270E+00  -0.256231E+00  -0.267724E+00  -0.354600E-01   0.138458E+00   0.902259E-01   0.257059E-01   0.169955E+00  -0.696201E-01   0.474395E-02  -0.267725E+00  -0.406682E-01  -0.406089E-01  -0.200793E+00  -0.287008E+00  -0.286654E+00  -0.105675E+00  -0.970996E-01  -0.101457E+00  -0.259581E+00  -0.257588E+00  -0.285576E+00  -0.285447E+00  -0.254323E+00  -0.264232E+00  -0.198333E+00  -0.261330E+00  -0.213277E+00  -0.285447E+00  -0.275123E+00  -0.269593E+00  -0.286369E+00   0.115042E+00  -0.243708E+00  -0.252404E+00  -0.249681E+00  -0.246788E+00  -0.259549E+00  -0.258569E+00  -0.257722E+00  -0.261106E+00  -0.262111E+00  -0.262192E+00  -0.261824E+00  -0.260474E+00  -0.266719E+00  -0.269102E+00  -0.266626E+00  -0.273187E+00  -0.272962E+00  -0.279451E+00  -0.282137E+00  -0.285340E+00  -0.285698E+00  -0.280451E+00  -0.279508E+00  -0.255690E+00
  0.370800E+06   0.648367E-01  -0.398693E-01  -0.138886E+00   0.699213E-01  -0.185102E+00  -0.143648E+00  -0.133408E+00  -0.142781E+00   0.885953E-01   0.232659E-01   0.265453E-01   0.149775E+00  -0.764215E-01  -0.972841E-02  -0.197059E+00  -0.544568E-01  -0.544695E-01  -0.185402E+00  -0.258363E+00  -0.262803E+00  -0.125697E+00  -0.147845E+00  -0.150089E+00  -0.286883E+00  -0.281148E+00  -0.223982E+00  -0.222600E+00  -0.259132E+00  -0.269670E+00  -0.198375E+00  -0.278074E+00  -0.225296E+00  -0.222600E+00  -0.252836E+00  -0.223792E+00  -0.236815E+00   0.476521E-01  -0.235099E+00  -0.279994E+00  -0.277947E+00  -0.276366E+00  -0.276972E+00  -0.272975E+00  -0.278713E+00  -0.277835E+00  -0.274313E+00  -0.266026E+00  -0.277054E+00  -0.277364E+00  -0.267733E+00  -0.263417E+00  -0.260427E+00  -0.256841E+00  -0.252019E+00  -0.245490E+00  -0.240410E+00  -0.225841E+00  -0.225054E+00  -0.206166E+00  -0.205439E+00  -0.280239E+00
  0.374400E+06   0.752757E-01  -0.147526E+00  -0.921569E-01  -0.173005E-01  -0.541839E-01   0.951807E-02   0.363390E-01  -0.211810E+00   0.146648E-01  -0.494265E-01   0.273276E-01   0.626766E-01  -0.553752E-01  -0.174732E-01  -0.624804E-01  -0.489204E-01  -0.489966E-01  -0.920238E-01  -0.148299E+00  -0.155306E+00  -0.977631E-01  -0.157763E+00  -0.153525E+00  -0.189771E+00  -0.184198E+00  -0.941145E-01  -0.925975E-01  -0.178293E+00  -0.163420E+00  -0.161864E+00  -0.177342E+00  -0.140293E+00  -0.925975E-01  -0.140404E+00  -0.998715E-01  -0.111444E+00   0.174154E-01  -0.162925E+00  -0.198653E+00  -0.180673E+00  -0.179412E+00  -0.181991E+00  -0.182483E+00  -0.180820E+00  -0.176342E+00  -0.175654E+00  -0.170502E+00  -0.176546E+00  -0.177282E+00  -0.162608E+00  -0.156462E+00  -0.157852E+00  -0.146113E+00  -0.142248E+00  -0.129089E+00  -0.121052E+00  -0.958855E-01  -0.951632E-01  -0.742223E-01  -0.745640E-01  -0.183988E+00
  0.378000E+06   0.534696E-01  -0.213703E+00  -0.907192E-03  -0.819071E-01   0.835587E-01   0.162368E+00   0.197355E+00  -0.220983E+00  -0.734267E-01  -0.118181E+00   0.278411E-01  -0.499823E-01   0.567732E-02  -0.729195E-03   0.728153E-01  -0.570839E-02  -0.585582E-02   0.304919E-01  -0.254236E-02  -0.106934E-01   0.385456E-02  -0.102370E+00  -0.930667E-01  -0.408671E-01  -0.391064E-01   0.509224E-01   0.525820E-01  -0.334461E-01  -0.248145E-01  -0.230404E-01  -0.354831E-01  -0.287235E-01   0.525820E-01   0.710380E-03   0.274606E-01   0.326598E-01  -0.233337E-01  -0.190659E-01  -0.444251E-01  -0.417827E-01  -0.418373E-01  -0.368086E-01  -0.352397E-01  -0.380156E-01  -0.349422E-01  -0.327451E-01  -0.268272E-01  -0.345781E-01  -0.360929E-01  -0.225365E-01  -0.163766E-01  -0.168237E-01  -0.549802E-02  -0.141777E-02   0.121370E-01   0.225175E-01   0.471811E-01   0.490338E-01   0.700688E-01   0.694090E-01  -0.403993E-01
  0.381600E+06   0.225101E-01  -0.220249E+00   0.896564E-01  -0.512638E-01   0.216356E+00   0.276402E+00   0.307204E+00  -0.173021E+00  -0.148765E+00  -0.159670E+00   0.284331E-01  -0.148505E+00   0.812345E-01   0.557923E-01   0.201440E+00   0.705938E-01   0.704740E-01   0.146108E+00   0.156241E+00   0.139663E+00   0.890041E-01  -0.530330E-02   0.101313E-01   0.107023E+00   0.113451E+00   0.198867E+00   0.200095E+00   0.113523E+00   0.127461E+00   0.131091E+00   0.117666E+00   0.120736E+00   0.200095E+00   0.154146E+00   0.160522E+00   0.179504E+00   0.959241E-01   0.978374E-01   0.100074E+00   0.109298E+00   0.108284E+00   0.113804E+00   0.113409E+00   0.116322E+00   0.118045E+00   0.119399E+00   0.123468E+00   0.118454E+00   0.117644E+00   0.130172E+00   0.136139E+00   0.134522E+00   0.142170E+00   0.150354E+00   0.163742E+00   0.172081E+00   0.194834E+00   0.196741E+00   0.212978E+00   0.211838E+00   0.110337E+00
  0.385200E+06  -0.567312E-02  -0.147904E+00   0.170546E+00  -0.166393E-01   0.301512E+00   0.319414E+00   0.336317E+00  -0.768346E-01  -0.184452E+00  -0.150111E+00   0.289744E-01  -0.214162E+00   0.132607E+00   0.969196E-01   0.289564E+00   0.119567E+00   0.119463E+00   0.238134E+00   0.285086E+00   0.279851E+00   0.151473E+00   0.865716E-01   0.104436E+00   0.234329E+00   0.238442E+00   0.299041E+00   0.299573E+00   0.234905E+00   0.247475E+00   0.249463E+00   0.241115E+00   0.243474E+00   0.299573E+00   0.266932E+00   0.259274E+00   0.285796E+00   0.251634E+00   0.213387E+00   0.228226E+00   0.233486E+00   0.233592E+00   0.238731E+00   0.238027E+00   0.239512E+00   0.241091E+00   0.242417E+00   0.244432E+00   0.241760E+00   0.240981E+00   0.249736E+00   0.253891E+00   0.252060E+00   0.261172E+00   0.263508E+00   0.273011E+00   0.279280E+00   0.295950E+00   0.297603E+00   0.305588E+00   0.304144E+00   0.236387E+00
  0.388800E+06  -0.320254E-01  -0.433993E-02   0.223399E+00   0.190718E-02   0.301984E+00   0.284280E+00   0.275480E+00   0.511103E-01  -0.161537E+00  -0.865320E-01   0.292574E-01  -0.229873E+00   0.159934E+00   0.117878E+00   0.300532E+00   0.148058E+00   0.148005E+00   0.275878E+00   0.351532E+00   0.346445E+00   0.193654E+00   0.173186E+00   0.190187E+00   0.316257E+00   0.316769E+00   0.325743E+00   0.325183E+00   0.306179E+00   0.320883E+00   0.320221E+00   0.319073E+00   0.320574E+00   0.325183E+00   0.323464E+00   0.293312E+00   0.327174E+00   0.321003E+00   0.289826E+00   0.312067E+00   0.312924E+00   0.313312E+00   0.316363E+00   0.314524E+00   0.318622E+00   0.319632E+00   0.317733E+00   0.315181E+00   0.318855E+00   0.319306E+00   0.319917E+00   0.320308E+00   0.317200E+00   0.322041E+00   0.320174E+00   0.324362E+00   0.323128E+00   0.324413E+00   0.325493E+00   0.318364E+00   0.317053E+00   0.316344E+00
  0.392400E+06  -0.537504E-01   0.154761E+00   0.242683E+00   0.332343E-01   0.210362E+00   0.169056E+00   0.139454E+00   0.182553E+00  -0.875474E-01   0.510320E-02   0.290857E-01  -0.175562E+00   0.162530E+00   0.125429E+00   0.228708E+00   0.156210E+00   0.156228E+00   0.244096E+00   0.295254E+00   0.292724E+00   0.196662E+00   0.227821E+00   0.238611E+00   0.317942E+00   0.314807E+00   0.258462E+00   0.257153E+00   0.294275E+00   0.303989E+00   0.300262E+00   0.311761E+00   0.309130E+00   0.257153E+00   0.284519E+00   0.241822E+00   0.271819E+00   0.292408E+00   0.254296E+00   0.314710E+00   0.314606E+00   0.314773E+00   0.310494E+00   0.306939E+00   0.313212E+00   0.312088E+00   0.307567E+00   0.299546E+00   0.310484E+00   0.310660E+00   0.300906E+00   0.296489E+00   0.293689E+00   0.290127E+00   0.285173E+00   0.279324E+00   0.273985E+00   0.259065E+00   0.259233E+00   0.241438E+00   0.240686E+00   0.315359E+00
  0.396000E+06  -0.558066E-01   0.280184E+00   0.201988E+00   0.114780E+00   0.651553E-01   0.934458E-02  -0.389122E-01   0.275946E+00   0.139213E-01   0.105499E+00   0.287335E-01  -0.765287E-01   0.136409E+00   0.119670E+00   0.984417E-01   0.146755E+00   0.147435E+00   0.137209E+00   0.178044E+00   0.177638E+00   0.141257E+00   0.216647E+00   0.214668E+00   0.210795E+00   0.202796E+00   0.125454E+00   0.123388E+00   0.197356E+00   0.185046E+00   0.182138E+00   0.197733E+00   0.191897E+00   0.123388E+00   0.160113E+00   0.131910E+00   0.139644E+00   0.177649E+00   0.159810E+00   0.217115E+00   0.206559E+00   0.206632E+00   0.201712E+00   0.201851E+00   0.199403E+00   0.196957E+00   0.195724E+00   0.190591E+00   0.196813E+00   0.195466E+00   0.183967E+00   0.178024E+00   0.179284E+00   0.167718E+00   0.164893E+00   0.152671E+00   0.147308E+00   0.127524E+00   0.126978E+00   0.106468E+00   0.106810E+00   0.205854E+00
  0.399600E+06  -0.253026E-01   0.350134E+00   0.953351E-01   0.222092E+00  -0.850419E-01  -0.158676E+00  -0.214380E+00   0.301209E+00   0.130158E+00   0.196148E+00   0.284948E-01   0.524168E-01   0.707365E-01   0.901592E-01  -0.428992E-01   0.886676E-01   0.897717E-01   0.264960E-01   0.394915E-01   0.423921E-01   0.469924E-01   0.156919E+00   0.144312E+00   0.702874E-01   0.638638E-01  -0.206135E-01  -0.223026E-01   0.616198E-01   0.478423E-01   0.443028E-01   0.598398E-01   0.685193E-01  -0.223026E-01   0.253997E-01  -0.158209E-01  -0.491576E-02   0.111041E+00   0.176227E-01   0.761335E-01   0.659328E-01   0.677367E-01   0.633269E-01   0.634015E-01   0.621215E-01   0.596088E-01   0.577336E-01   0.528387E-01   0.589569E-01   0.586218E-01   0.459062E-01   0.394120E-01   0.414781E-01   0.282564E-01   0.258528E-01   0.123537E-01   0.402000E-02  -0.201313E-01  -0.192317E-01  -0.386115E-01  -0.379036E-01   0.671183E-01
  0.403200E+06   0.138107E-01   0.354848E+00  -0.117404E-01   0.195936E+00  -0.220491E+00  -0.286572E+00  -0.341688E+00   0.245620E+00   0.218947E+00   0.245929E+00   0.283100E-01   0.172271E+00   0.112901E-02   0.452408E-01  -0.180482E+00   0.272431E-01   0.279390E-01  -0.764058E-01  -0.104005E+00  -0.941765E-01  -0.150145E-01   0.742506E-01   0.625743E-01  -0.577126E-01  -0.614045E-01  -0.160999E+00  -0.162560E+00  -0.644408E-01  -0.793939E-01  -0.838631E-01  -0.660996E-01  -0.462083E-01  -0.162560E+00  -0.107868E+00  -0.148563E+00  -0.144051E+00   0.100440E+00  -0.125778E+00  -0.468160E-01  -0.600520E-01  -0.570095E-01  -0.627364E-01  -0.625039E-01  -0.641983E-01  -0.670672E-01  -0.692560E-01  -0.747805E-01  -0.674409E-01  -0.659113E-01  -0.825618E-01  -0.901760E-01  -0.877606E-01  -0.103166E+00  -0.106489E+00  -0.123085E+00  -0.133416E+00  -0.160154E+00  -0.159720E+00  -0.178346E+00  -0.177501E+00  -0.580029E-01
  0.406800E+06   0.552758E-01   0.274363E+00  -0.113299E+00   0.183772E+00  -0.306933E+00  -0.347567E+00  -0.387267E+00   0.121832E+00   0.256244E+00   0.230874E+00   0.283375E-01   0.258497E+00  -0.452202E-01   0.168132E-01  -0.279631E+00  -0.105968E-01  -0.993470E-02  -0.161236E+00  -0.221514E+00  -0.219055E+00  -0.695157E-01  -0.435389E-02  -0.114685E-01  -0.167013E+00  -0.170239E+00  -0.268638E+00  -0.268648E+00  -0.175831E+00  -0.188849E+00  -0.187182E+00  -0.176669E+00  -0.142705E+00  -0.268648E+00  -0.218406E+00  -0.247445E+00  -0.254652E+00   0.974326E-01  -0.222958E+00  -0.160122E+00  -0.169378E+00  -0.166082E+00  -0.173664E+00  -0.174138E+00  -0.174852E+00  -0.177053E+00  -0.179773E+00  -0.185463E+00  -0.177756E+00  -0.176857E+00  -0.192047E+00  -0.199344E+00  -0.197466E+00  -0.211521E+00  -0.215400E+00  -0.232625E+00  -0.243654E+00  -0.267944E+00  -0.268300E+00  -0.282228E+00  -0.281235E+00  -0.168023E+00
  0.410400E+06   0.977039E-01   0.110628E+00  -0.186260E+00   0.156517E+00  -0.322627E+00  -0.321913E+00  -0.337796E+00  -0.396532E-01   0.223189E+00   0.154101E+00   0.287443E-01   0.278532E+00  -0.732648E-01  -0.466906E-03  -0.315784E+00  -0.358435E-01  -0.352320E-01  -0.214856E+00  -0.310891E+00  -0.308755E+00  -0.114513E+00  -0.797648E-01  -0.848785E-01  -0.263386E+00  -0.264665E+00  -0.328276E+00  -0.328619E+00  -0.265084E+00  -0.277481E+00  -0.205658E+00  -0.268975E+00  -0.222024E+00  -0.328619E+00  -0.297853E+00  -0.302497E+00  -0.322547E+00   0.161929E-01  -0.277775E+00  -0.255612E+00  -0.274916E+00  -0.271796E+00  -0.266456E+00  -0.266099E+00  -0.265328E+00  -0.269340E+00  -0.271017E+00  -0.273698E+00  -0.270002E+00  -0.268768E+00  -0.280364E+00  -0.285159E+00  -0.282231E+00  -0.286366E+00  -0.294853E+00  -0.307792E+00  -0.314036E+00  -0.326860E+00  -0.327974E+00  -0.327989E+00  -0.326880E+00  -0.263427E+00
  0.414000E+06   0.129786E+00  -0.779774E-01  -0.222217E+00   0.696214E-01  -0.259154E+00  -0.218628E+00  -0.205845E+00  -0.205467E+00   0.136532E+00   0.447448E-01   0.293428E-01   0.207285E+00  -0.873868E-01  -0.154803E-01  -0.268576E+00  -0.543665E-01  -0.538947E-01  -0.225286E+00  -0.327299E+00  -0.328129E+00  -0.146178E+00  -0.142351E+00  -0.146138E+00  -0.316973E+00  -0.319459E+00  -0.300555E+00  -0.299460E+00  -0.304751E+00  -0.317621E+00  -0.213382E+00  -0.320229E+00  -0.263251E+00  -0.299460E+00  -0.314869E+00  -0.289198E+00  -0.309756E+00   0.640095E-01  -0.276947E+00  -0.315745E+00  -0.314150E+00  -0.311153E+00  -0.318263E+00  -0.315563E+00  -0.307457E+00  -0.320203E+00  -0.318362E+00  -0.313539E+00  -0.319838E+00  -0.319652E+00  -0.317301E+00  -0.316235E+00  -0.312819E+00  -0.315589E+00  -0.311822E+00  -0.312858E+00  -0.309159E+00  -0.301438E+00  -0.301460E+00  -0.284233E+00  -0.283184E+00  -0.318634E+00
  0.417600E+06   0.124487E+00  -0.248139E+00  -0.210386E+00  -0.540739E-01  -0.130001E+00  -0.597684E-01  -0.217992E-01  -0.345534E+00   0.179227E-01  -0.788660E-01   0.300257E-01   0.735443E-01  -0.763288E-01  -0.261245E-01  -0.140056E+00  -0.548891E-01  -0.544328E-01  -0.153028E+00  -0.230371E+00  -0.237243E+00  -0.141186E+00  -0.176701E+00  -0.177000E+00  -0.282513E+00  -0.270464E+00  -0.166407E+00  -0.164971E+00  -0.257833E+00  -0.241587E+00  -0.194865E+00  -0.260769E+00  -0.209632E+00  -0.164971E+00  -0.215345E+00  -0.171921E+00  -0.186324E+00   0.380536E-01  -0.243658E+00  -0.286668E+00  -0.268750E+00  -0.267459E+00  -0.266504E+00  -0.266362E+00  -0.266931E+00  -0.259218E+00  -0.258110E+00  -0.251190E+00  -0.259523E+00  -0.259070E+00  -0.241743E+00  -0.234383E+00  -0.236276E+00  -0.221798E+00  -0.218050E+00  -0.203314E+00  -0.197028E+00  -0.168281E+00  -0.167461E+00  -0.147851E+00  -0.148577E+00  -0.271211E+00
  0.421200E+06   0.862024E-01  -0.368074E+00  -0.129804E+00  -0.159427E+00   0.222054E-01   0.114819E+00   0.168401E+00  -0.419870E+00  -0.117992E+00  -0.203920E+00   0.306838E-01  -0.784780E-01  -0.262675E-01  -0.179890E-01   0.143604E-01  -0.240964E-01  -0.237420E-01  -0.250244E-01  -0.788373E-01  -0.919136E-01  -0.532161E-01  -0.151247E+00  -0.144616E+00  -0.132919E+00  -0.126083E+00  -0.173905E-01  -0.153762E-01  -0.125505E+00  -0.102548E+00  -0.100047E+00  -0.118744E+00  -0.950787E-01  -0.153762E-01  -0.748265E-01  -0.328049E-01  -0.398881E-01  -0.404265E-02  -0.110095E+00  -0.139430E+00  -0.128518E+00  -0.127759E+00  -0.124791E+00  -0.125540E+00  -0.120446E+00  -0.116765E+00  -0.118013E+00  -0.113205E+00  -0.118254E+00  -0.117162E+00  -0.103232E+00  -0.960387E-01  -0.989003E-01  -0.823694E-01  -0.792931E-01  -0.607822E-01  -0.523967E-01  -0.206303E-01  -0.195578E-01   0.421381E-02   0.290849E-02  -0.127709E+00
  0.424800E+06   0.466810E-01  -0.418656E+00  -0.452050E-01  -0.156794E+00   0.170792E+00   0.260347E+00   0.317472E+00  -0.418785E+00  -0.241976E+00  -0.300837E+00   0.313370E-01  -0.215093E+00   0.567819E-01   0.274803E-01   0.157341E+00   0.488094E-01   0.489704E-01   0.105773E+00   0.875905E-01   0.776010E-01   0.575117E-01  -0.687600E-01  -0.555809E-01   0.329171E-01   0.419428E-01   0.145917E+00   0.146644E+00   0.392867E-01   0.623408E-01   0.649767E-01   0.480977E-01   0.371890E-01   0.146644E+00   0.925385E-01   0.109187E+00   0.123163E+00  -0.541644E-01   0.382178E-01   0.239753E-01   0.372530E-01   0.363446E-01   0.417492E-01   0.402161E-01   0.459597E-01   0.489195E-01   0.489241E-01   0.526247E-01   0.487708E-01   0.493666E-01   0.626642E-01   0.696363E-01   0.665261E-01   0.835902E-01   0.862603E-01   0.102822E+00   0.112202E+00   0.141853E+00   0.143577E+00   0.163113E+00   0.161436E+00   0.380597E-01
  0.428400E+06   0.100120E-01  -0.375527E+00   0.390252E-01  -0.115766E+00   0.285725E+00   0.339740E+00   0.386953E+00  -0.347494E+00  -0.336868E+00  -0.348790E+00   0.319198E-01  -0.332179E+00   0.124591E+00   0.838395E-01   0.272756E+00   0.117779E+00   0.118091E+00   0.217654E+00   0.243350E+00   0.233264E+00   0.127184E+00   0.354700E-01   0.548083E-01   0.179798E+00   0.188315E+00   0.276336E+00   0.277184E+00   0.184563E+00   0.204825E+00   0.207841E+00   0.193603E+00   0.198558E+00   0.277184E+00   0.230961E+00   0.233625E+00   0.256678E+00   0.211437E+00   0.159935E+00   0.172588E+00   0.181598E+00   0.181393E+00   0.188028E+00   0.186873E+00   0.191799E+00   0.194854E+00   0.194179E+00   0.197230E+00   0.194055E+00   0.195466E+00   0.206056E+00   0.212023E+00   0.209018E+00   0.222369E+00   0.225847E+00   0.239943E+00   0.247520E+00   0.272774E+00   0.274483E+00   0.286132E+00   0.284180E+00   0.184424E+00
  0.432000E+06  -0.259713E-01  -0.237687E+00   0.105552E+00  -0.938157E-01   0.322819E+00   0.334856E+00   0.358790E+00  -0.217832E+00  -0.385033E+00  -0.336761E+00   0.323106E-01  -0.414744E+00   0.169784E+00   0.115981E+00   0.318192E+00   0.162337E+00   0.162770E+00   0.276385E+00   0.350428E+00   0.343801E+00   0.183069E+00   0.131242E+00   0.148288E+00   0.292948E+00   0.297175E+00   0.336329E+00   0.336056E+00   0.286982E+00   0.305720E+00   0.306530E+00   0.300722E+00   0.303108E+00   0.336056E+00   0.316837E+00   0.298312E+00   0.328758E+00   0.310211E+00   0.263883E+00   0.286112E+00   0.291922E+00   0.292111E+00   0.296524E+00   0.294260E+00   0.299823E+00   0.301434E+00   0.299949E+00   0.298853E+00   0.300797E+00   0.301427E+00   0.305596E+00   0.307941E+00   0.304616E+00   0.312915E+00   0.312574E+00   0.320414E+00   0.322209E+00   0.334235E+00   0.335554E+00   0.333524E+00   0.331618E+00   0.295267E+00
  0.435600E+06  -0.605770E-01  -0.671491E-01   0.141750E+00  -0.811039E-01   0.261063E+00   0.238596E+00   0.238956E+00  -0.682574E-01  -0.354978E+00  -0.257505E+00   0.321957E-01  -0.438409E+00   0.188913E+00   0.135008E+00   0.275239E+00   0.185060E+00   0.185657E+00   0.270660E+00   0.347553E+00   0.341850E+00   0.206199E+00   0.204904E+00   0.220121E+00   0.336588E+00   0.337763E+00   0.304622E+00   0.303491E+00   0.311859E+00   0.334228E+00   0.331119E+00   0.336787E+00   0.336597E+00   0.303491E+00   0.322633E+00   0.279162E+00   0.314350E+00   0.327181E+00   0.279214E+00   0.329841E+00   0.335206E+00   0.335231E+00   0.332622E+00   0.327475E+00   0.337799E+00   0.337682E+00   0.332167E+00   0.323766E+00   0.335601E+00   0.336886E+00   0.330006E+00   0.327322E+00   0.322243E+00   0.325298E+00   0.319334E+00   0.318883E+00   0.312769E+00   0.304597E+00   0.305097E+00   0.288844E+00   0.287243E+00   0.336533E+00
  0.439200E+06  -0.923895E-01   0.776095E-01   0.144202E+00  -0.378019E-01   0.119608E+00   0.814440E-01   0.578751E-01   0.576878E-01  -0.268037E+00  -0.161280E+00   0.315844E-01  -0.377211E+00   0.167539E+00   0.135357E+00   0.150769E+00   0.173027E+00   0.173790E+00   0.183047E+00   0.234336E+00   0.236386E+00   0.174661E+00   0.225635E+00   0.227852E+00   0.265806E+00   0.256390E+00   0.178372E+00   0.176632E+00   0.243392E+00   0.238008E+00   0.234798E+00   0.250436E+00   0.244844E+00   0.176632E+00   0.212446E+00   0.176042E+00   0.193020E+00   0.229765E+00   0.197893E+00   0.268274E+00   0.259720E+00   0.259745E+00   0.253763E+00   0.252609E+00   0.252385E+00   0.249925E+00   0.247493E+00   0.240744E+00   0.249239E+00   0.248381E+00   0.235749E+00   0.229666E+00   0.229690E+00   0.219721E+00   0.215779E+00   0.205572E+00   0.199384E+00   0.179966E+00   0.179428E+00   0.158913E+00   0.158645E+00   0.259346E+00
  0.442800E+06  -0.111630E+00   0.178032E+00   0.568589E-01   0.871292E-01  -0.379492E-01  -0.988338E-01  -0.138656E+00   0.132950E+00  -0.168873E+00  -0.678144E-01   0.307568E-01  -0.280365E+00   0.960403E-01   0.107198E+00   0.407303E-02   0.110964E+00   0.111825E+00   0.629038E-01   0.936846E-01   0.958672E-01   0.798241E-01   0.180820E+00   0.171818E+00   0.120184E+00   0.115793E+00   0.308697E-01   0.288176E-01   0.109509E+00   0.102189E+00   0.986832E-01   0.112224E+00   0.107079E+00   0.288176E-01   0.754444E-01   0.355059E-01   0.459878E-01   0.134243E+00   0.606620E-01   0.125031E+00   0.118181E+00   0.118782E+00   0.114004E+00   0.113034E+00   0.114066E+00   0.111945E+00   0.109191E+00   0.102786E+00   0.111198E+00   0.112656E+00   0.983124E-01   0.914396E-01   0.918530E-01   0.808326E-01   0.766338E-01   0.635453E-01   0.548026E-01   0.322080E-01   0.326230E-01   0.101680E-01   0.106388E-01   0.117938E+00
  0.446400E+06  -0.988524E-01   0.221151E+00  -0.350427E-01   0.147069E+00  -0.189794E+00  -0.257634E+00  -0.299797E+00   0.128025E+00  -0.622918E-01   0.384025E-02   0.301839E-01  -0.156214E+00   0.150473E-01   0.548820E-01  -0.146588E+00   0.361839E-01   0.366394E-01  -0.462846E-01  -0.577072E-01  -0.490666E-01   0.125119E-02   0.996136E-01   0.854351E-01  -0.165532E-01  -0.229177E-01  -0.121704E+00  -0.123480E+00  -0.262152E-01  -0.420754E-01  -0.371611E-01  -0.288853E-01  -0.118778E-01  -0.123480E+00  -0.673487E-01  -0.111152E+00  -0.103601E+00   0.730346E-01  -0.936120E-01  -0.870266E-02  -0.208609E-01  -0.183140E-01  -0.242047E-01  -0.240446E-01  -0.260735E-01  -0.306464E-01  -0.309732E-01  -0.365593E-01  -0.298044E-01  -0.298515E-01  -0.444911E-01  -0.518118E-01  -0.495911E-01  -0.608086E-01  -0.676722E-01  -0.833351E-01  -0.938588E-01  -0.120778E+00  -0.120124E+00  -0.140725E+00  -0.139877E+00  -0.193237E-01
  0.450000E+06  -0.656307E-01   0.194862E+00  -0.126039E+00   0.137222E+00  -0.304123E+00  -0.350271E+00  -0.384797E+00   0.516856E-01   0.797876E-02   0.314791E-01   0.297431E-01  -0.452063E-01  -0.402155E-01   0.216441E-01  -0.271238E+00  -0.918072E-02  -0.877470E-02  -0.140871E+00  -0.193217E+00  -0.190568E+00  -0.579613E-01   0.167027E-01   0.990996E-02  -0.137933E+00  -0.141487E+00  -0.253684E+00  -0.255291E+00  -0.144533E+00  -0.162912E+00  -0.166337E+00  -0.148549E+00  -0.118581E+00  -0.255291E+00  -0.193386E+00  -0.231207E+00  -0.233602E+00   0.942854E-01  -0.205293E+00  -0.128277E+00  -0.140216E+00  -0.137038E+00  -0.144104E+00  -0.144045E+00  -0.141548E+00  -0.149917E+00  -0.151018E+00  -0.156637E+00  -0.149583E+00  -0.149919E+00  -0.165775E+00  -0.173756E+00  -0.170457E+00  -0.187424E+00  -0.190940E+00  -0.210048E+00  -0.221344E+00  -0.251850E+00  -0.252080E+00  -0.269466E+00  -0.267986E+00  -0.138626E+00
  0.453600E+06  -0.312316E-01   0.857153E-01  -0.191612E+00   0.145628E+00  -0.348560E+00  -0.355712E+00  -0.371180E+00  -0.776156E-01   0.228163E-01  -0.291430E-02   0.294970E-01   0.238557E-01  -0.756554E-01   0.149648E-02  -0.337720E+00  -0.429458E-01  -0.428244E-01  -0.215222E+00  -0.304964E+00  -0.302807E+00  -0.108363E+00  -0.596688E-01  -0.647290E-01  -0.246869E+00  -0.248716E+00  -0.341395E+00  -0.342322E+00  -0.243816E+00  -0.268575E+00  -0.219707E+00  -0.255988E+00  -0.212914E+00  -0.342322E+00  -0.294376E+00  -0.308523E+00  -0.326451E+00   0.719761E-01  -0.275634E+00  -0.233345E+00  -0.247408E+00  -0.243515E+00  -0.249876E+00  -0.247945E+00  -0.254105E+00  -0.256927E+00  -0.256420E+00  -0.258674E+00  -0.256470E+00  -0.258036E+00  -0.269811E+00  -0.276203E+00  -0.271055E+00  -0.288443E+00  -0.289335E+00  -0.308723E+00  -0.314781E+00  -0.338677E+00  -0.340098E+00  -0.345175E+00  -0.342970E+00  -0.245682E+00
  0.457200E+06   0.480157E-04  -0.789274E-01  -0.219435E+00   0.106495E+00  -0.308760E+00  -0.269868E+00  -0.261037E+00  -0.221212E+00  -0.191092E-01  -0.766686E-01   0.296745E-01   0.314135E-01  -0.100048E+00  -0.182724E-01  -0.317503E+00  -0.702839E-01  -0.703296E-01  -0.249250E+00  -0.362987E+00  -0.361004E+00  -0.149320E+00  -0.126572E+00  -0.130788E+00  -0.319389E+00  -0.324485E+00  -0.348901E+00  -0.348477E+00  -0.306346E+00  -0.335315E+00  -0.232891E+00  -0.329253E+00  -0.274832E+00  -0.348477E+00  -0.342561E+00  -0.324639E+00  -0.348187E+00   0.951666E-01  -0.287066E+00  -0.309988E+00  -0.318221E+00  -0.315584E+00  -0.322182E+00  -0.318030E+00  -0.307443E+00  -0.330759E+00  -0.326285E+00  -0.322250E+00  -0.328688E+00  -0.331921E+00  -0.332657E+00  -0.334359E+00  -0.328085E+00  -0.339805E+00  -0.335729E+00  -0.346198E+00  -0.342483E+00  -0.347873E+00  -0.348667E+00  -0.335443E+00  -0.332972E+00  -0.321366E+00
  0.460800E+06   0.170611E-01  -0.235204E+00  -0.200707E+00   0.166034E-01  -0.194896E+00  -0.114842E+00  -0.819691E-01  -0.336778E+00  -0.944375E-01  -0.161709E+00   0.301392E-01  -0.387971E-01  -0.103998E+00  -0.363239E-01  -0.208466E+00  -0.839634E-01  -0.840486E-01  -0.204779E+00  -0.298077E+00  -0.313924E+00  -0.165029E+00  -0.172460E+00  -0.174372E+00  -0.319145E+00  -0.320561E+00  -0.233758E+00  -0.232784E+00  -0.283905E+00  -0.302933E+00  -0.224132E+00  -0.315372E+00  -0.258340E+00  -0.232784E+00  -0.276248E+00  -0.235619E+00  -0.248221E+00   0.822558E-01  -0.256224E+00  -0.315119E+00  -0.315462E+00  -0.313394E+00  -0.311280E+00  -0.304574E+00  -0.312454E+00  -0.316435E+00  -0.307376E+00  -0.294218E+00  -0.313101E+00  -0.317783E+00  -0.296949E+00  -0.289748E+00  -0.285352E+00  -0.280766E+00  -0.272476E+00  -0.265662E+00  -0.254112E+00  -0.235198E+00  -0.233886E+00  -0.212283E+00  -0.211193E+00  -0.317579E+00
  0.464400E+06   0.128155E-02  -0.350952E+00  -0.118202E+00  -0.958432E-01  -0.348750E-01   0.730983E-01   0.120875E+00  -0.394464E+00  -0.189322E+00  -0.246230E+00   0.305985E-01  -0.151759E+00  -0.731658E-01  -0.427727E-01  -0.477879E-01  -0.719105E-01  -0.720621E-01  -0.822386E-01  -0.164514E+00  -0.175271E+00  -0.112616E+00  -0.165250E+00  -0.159338E+00  -0.178102E+00  -0.180609E+00  -0.787768E-01  -0.772537E-01  -0.164619E+00  -0.163119E+00  -0.161700E+00  -0.175755E+00  -0.139613E+00  -0.772537E-01  -0.135486E+00  -0.853519E-01  -0.964006E-01   0.415807E-01  -0.138134E+00  -0.181448E+00  -0.182174E+00  -0.180678E+00  -0.175074E+00  -0.171765E+00  -0.182325E+00  -0.175878E+00  -0.170664E+00  -0.161619E+00  -0.174230E+00  -0.178891E+00  -0.158695E+00  -0.151450E+00  -0.150066E+00  -0.141294E+00  -0.134337E+00  -0.121641E+00  -0.106794E+00  -0.810573E-01  -0.796727E-01  -0.535700E-01  -0.530743E-01  -0.177474E+00
  0.468000E+06  -0.299732E-01  -0.401478E+00  -0.159966E-01  -0.118413E+00   0.127910E+00   0.243989E+00   0.296239E+00  -0.378117E+00  -0.284240E+00  -0.313386E+00   0.308916E-01  -0.267275E+00   0.765873E-02  -0.149312E-01   0.109215E+00  -0.103404E-01  -0.105785E-01   0.608829E-01   0.565587E-02  -0.476245E-02   0.135236E-01  -0.787492E-01  -0.655377E-01  -0.409728E-02  -0.553568E-02   0.964307E-01   0.980117E-01   0.685387E-02   0.678462E-02   0.836542E-02  -0.190534E-02   0.530488E-02   0.980117E-01   0.382588E-01   0.642230E-01   0.775471E-01  -0.102013E-01   0.231035E-01  -0.768274E-02  -0.745979E-02  -0.771021E-02  -0.120701E-02   0.190360E-02  -0.599646E-02  -0.190918E-02   0.264906E-02   0.109111E-01  -0.556476E-03  -0.455796E-02   0.124682E-01   0.195860E-01   0.211555E-01   0.308907E-01   0.376094E-01   0.503080E-01   0.664132E-01   0.922418E-01   0.946968E-01   0.119254E+00   0.119239E+00  -0.574838E-02
  0.471600E+06  -0.600108E-01  -0.366272E+00   0.849746E-01  -0.670477E-01   0.274960E+00   0.355660E+00   0.398812E+00  -0.287489E+00  -0.346564E+00  -0.330426E+00   0.311353E-01  -0.356536E+00   0.875932E-01   0.535532E-01   0.253290E+00   0.736779E-01   0.735455E-01   0.193675E+00   0.190033E+00   0.177053E+00   0.100707E+00   0.289806E-01   0.486165E-01   0.160709E+00   0.160548E+00   0.259668E+00   0.260077E+00   0.170675E+00   0.173470E+00   0.175015E+00   0.164591E+00   0.167180E+00   0.260077E+00   0.205625E+00   0.214885E+00   0.238889E+00   0.185644E+00   0.157842E+00   0.155531E+00   0.156029E+00   0.156473E+00   0.164649E+00   0.167230E+00   0.157797E+00   0.165010E+00   0.169070E+00   0.176482E+00   0.166104E+00   0.163723E+00   0.179187E+00   0.186056E+00   0.186837E+00   0.196576E+00   0.203550E+00   0.217185E+00   0.230369E+00   0.254978E+00   0.257495E+00   0.275801E+00   0.275140E+00   0.159819E+00
  0.475200E+06  -0.891762E-01  -0.234030E+00   0.169564E+00  -0.356390E-01   0.352473E+00   0.380606E+00   0.401876E+00  -0.144834E+00  -0.352989E+00  -0.281517E+00   0.311825E-01  -0.402424E+00   0.140039E+00   0.924393E-01   0.336443E+00   0.123845E+00   0.123736E+00   0.287335E+00   0.335215E+00   0.325526E+00   0.171498E+00   0.134325E+00   0.154146E+00   0.299465E+00   0.300738E+00   0.357562E+00   0.357259E+00   0.302111E+00   0.306479E+00   0.307392E+00   0.303620E+00   0.304115E+00   0.357259E+00   0.325194E+00   0.313816E+00   0.345610E+00   0.314158E+00   0.284283E+00   0.296783E+00   0.294997E+00   0.295748E+00   0.303111E+00   0.303932E+00   0.301967E+00   0.303278E+00   0.305664E+00   0.308694E+00   0.304302E+00   0.301503E+00   0.310983E+00   0.314862E+00   0.314569E+00   0.320219E+00   0.324013E+00   0.331404E+00   0.339726E+00   0.354192E+00   0.356371E+00   0.361211E+00   0.360230E+00   0.300066E+00
  0.478800E+06  -0.117063E+00  -0.384322E-01   0.221167E+00  -0.171521E-01   0.329781E+00   0.306929E+00   0.303901E+00   0.229656E-01  -0.283973E+00  -0.183557E+00   0.306772E-01  -0.373733E+00   0.166313E+00   0.113496E+00   0.328541E+00   0.152518E+00   0.152470E+00   0.321782E+00   0.391223E+00   0.384715E+00   0.213584E+00   0.223978E+00   0.244603E+00   0.382181E+00   0.380909E+00   0.365438E+00   0.364121E+00   0.363648E+00   0.377746E+00   0.375419E+00   0.380713E+00   0.379722E+00   0.364121E+00   0.373342E+00   0.331386E+00   0.372773E+00   0.374485E+00   0.344792E+00   0.376824E+00   0.377929E+00   0.378271E+00   0.378573E+00   0.375702E+00   0.380924E+00   0.381250E+00   0.378213E+00   0.373055E+00   0.380035E+00   0.379174E+00   0.376739E+00   0.375452E+00   0.372246E+00   0.374397E+00   0.371263E+00   0.372094E+00   0.369977E+00   0.364289E+00   0.365663E+00   0.353564E+00   0.352362E+00   0.380728E+00
  0.482400E+06  -0.139955E+00   0.138708E+00   0.235394E+00   0.183101E-01   0.203750E+00   0.158863E+00   0.128578E+00   0.170078E+00  -0.179919E+00  -0.644106E-01   0.297495E-01  -0.281799E+00   0.160800E+00   0.118935E+00   0.222494E+00   0.155018E+00   0.155044E+00   0.250299E+00   0.305442E+00   0.299324E+00   0.206354E+00   0.269838E+00   0.279902E+00   0.359005E+00   0.349516E+00   0.264162E+00   0.261790E+00   0.328658E+00   0.328420E+00   0.322467E+00   0.343393E+00   0.337662E+00   0.261790E+00   0.302328E+00   0.250224E+00   0.284965E+00   0.312951E+00   0.280591E+00   0.357558E+00   0.351926E+00   0.351763E+00   0.345151E+00   0.342518E+00   0.345946E+00   0.343471E+00   0.338986E+00   0.330001E+00   0.341715E+00   0.340029E+00   0.326680E+00   0.320311E+00   0.319229E+00   0.310315E+00   0.305029E+00   0.295080E+00   0.289125E+00   0.265542E+00   0.265775E+00   0.243210E+00   0.242884E+00   0.352038E+00
  0.486000E+06  -0.139208E+00   0.263651E+00   0.159089E+00   0.134093E+00   0.329399E-01  -0.276942E-01  -0.799705E-01   0.262944E+00  -0.474973E-01   0.530797E-01   0.288981E-01  -0.151457E+00   0.113770E+00   0.103019E+00   0.658108E-01   0.119556E+00   0.119654E+00   0.123722E+00   0.165176E+00   0.163781E+00   0.126473E+00   0.242354E+00   0.239535E+00   0.225104E+00   0.213551E+00   0.111682E+00   0.109097E+00   0.205677E+00   0.189073E+00   0.183774E+00   0.206094E+00   0.198578E+00   0.109097E+00   0.158057E+00   0.120267E+00   0.133801E+00   0.177927E+00   0.161295E+00   0.231775E+00   0.219270E+00   0.219429E+00   0.211368E+00   0.211492E+00   0.209066E+00   0.205456E+00   0.203445E+00   0.197031E+00   0.204849E+00   0.202051E+00   0.188181E+00   0.180762E+00   0.182748E+00   0.167700E+00   0.164363E+00   0.148840E+00   0.142242E+00   0.114714E+00   0.114212E+00   0.870943E-01   0.877530E-01   0.217895E+00
  0.489600E+06  -0.106776E+00   0.324049E+00   0.538762E-01   0.220901E+00  -0.130579E+00  -0.210056E+00  -0.268485E+00   0.272001E+00   0.818649E-01   0.150974E+00   0.279000E-01  -0.194002E-02   0.284047E-01   0.573234E-01  -0.896841E-01   0.414040E-01   0.414607E-01  -0.218722E-02   0.855118E-02   0.117824E-01   0.230031E-01   0.176033E+00   0.160843E+00   0.718735E-01   0.620092E-01  -0.474494E-01  -0.509823E-01   0.531722E-01   0.384359E-01   0.362584E-01   0.545789E-01   0.631639E-01  -0.509823E-01   0.109707E-01  -0.398860E-01  -0.245502E-01   0.110514E+00  -0.355386E-02   0.774841E-01   0.651355E-01   0.669703E-01   0.593909E-01   0.588543E-01   0.576469E-01   0.543831E-01   0.516299E-01   0.446666E-01   0.533293E-01   0.524649E-01   0.362522E-01   0.281725E-01   0.304398E-01   0.145431E-01   0.108194E-01  -0.596136E-02  -0.158116E-01  -0.453655E-01  -0.447728E-01  -0.697259E-01  -0.700021E-01   0.658177E-01
  0.493200E+06  -0.657368E-01   0.308044E+00  -0.571857E-01   0.191367E+00  -0.268936E+00  -0.340295E+00  -0.389111E+00   0.196641E+00   0.172101E+00   0.193192E+00   0.270015E-01   0.125971E+00  -0.427088E-01   0.758188E-02  -0.231915E+00  -0.187867E-01  -0.186731E-01  -0.114331E+00  -0.136944E+00  -0.133328E+00  -0.418509E-01   0.873765E-01   0.734173E-01  -0.626079E-01  -0.687917E-01  -0.194047E+00  -0.196233E+00  -0.812088E-01  -0.942119E-01  -0.102379E+00  -0.775412E-01  -0.571518E-01  -0.196233E+00  -0.127402E+00  -0.177008E+00  -0.169567E+00   0.876528E-01  -0.150905E+00  -0.524625E-01  -0.660842E-01  -0.632090E-01  -0.729500E-01  -0.739449E-01  -0.738398E-01  -0.786997E-01  -0.814263E-01  -0.898382E-01  -0.792232E-01  -0.797492E-01  -0.982143E-01  -0.107169E+00  -0.105500E+00  -0.123235E+00  -0.127317E+00  -0.146115E+00  -0.159451E+00  -0.191746E+00  -0.191735E+00  -0.216566E+00  -0.215865E+00  -0.651509E-01
  0.496800E+06  -0.219425E-01   0.199770E+00  -0.154608E+00   0.187584E+00  -0.343150E+00  -0.376263E+00  -0.410529E+00   0.523816E-01   0.206533E+00   0.169262E+00   0.264236E-01   0.217829E+00  -0.859164E-01  -0.183813E-01  -0.323849E+00  -0.541335E-01  -0.539976E-01  -0.204233E+00  -0.265984E+00  -0.265073E+00  -0.965989E-01   0.513694E-02  -0.299583E-02  -0.172831E+00  -0.177193E+00  -0.298429E+00  -0.300256E+00  -0.196501E+00  -0.204445E+00  -0.186167E+00  -0.187007E+00  -0.153127E+00  -0.300256E+00  -0.237295E+00  -0.270302E+00  -0.276725E+00   0.734175E-01  -0.240538E+00  -0.166587E+00  -0.174345E+00  -0.171496E+00  -0.184348E+00  -0.187013E+00  -0.183660E+00  -0.186664E+00  -0.192459E+00  -0.201721E+00  -0.189154E+00  -0.188694E+00  -0.208477E+00  -0.217262E+00  -0.215532E+00  -0.230749E+00  -0.236339E+00  -0.253723E+00  -0.267480E+00  -0.295161E+00  -0.296409E+00  -0.314715E+00  -0.313957E+00  -0.174645E+00
  0.500400E+06   0.222903E-01   0.185841E-01  -0.208909E+00   0.148162E+00  -0.332382E+00  -0.319388E+00  -0.327106E+00  -0.118400E+00   0.163976E+00   0.839895E-01   0.264097E-01   0.238032E+00  -0.112957E+00  -0.363214E-01  -0.335638E+00  -0.803812E-01  -0.802881E-01  -0.253617E+00  -0.349169E+00  -0.349399E+00  -0.140925E+00  -0.703941E-01  -0.774753E-01  -0.265211E+00  -0.265414E+00  -0.335950E+00  -0.336662E+00  -0.278439E+00  -0.285280E+00  -0.203845E+00  -0.273146E+00  -0.227019E+00  -0.336662E+00  -0.306107E+00  -0.308849E+00  -0.325633E+00   0.994810E-01  -0.277525E+00  -0.257861E+00  -0.279724E+00  -0.276360E+00  -0.271849E+00  -0.273619E+00  -0.267405E+00  -0.274189E+00  -0.277665E+00  -0.283276E+00  -0.274995E+00  -0.274782E+00  -0.289044E+00  -0.294236E+00  -0.292013E+00  -0.301765E+00  -0.304294E+00  -0.314779E+00  -0.321501E+00  -0.333105E+00  -0.334620E+00  -0.336953E+00  -0.336108E+00  -0.265772E+00
  0.504000E+06   0.564153E-01  -0.163772E+00  -0.217293E+00   0.484990E-01  -0.244109E+00  -0.179921E+00  -0.158726E+00  -0.275848E+00   0.727974E-01  -0.259867E-01   0.267959E-01   0.162258E+00  -0.122007E+00  -0.526172E-01  -0.253439E+00  -0.966187E-01  -0.965702E-01  -0.235283E+00  -0.336025E+00  -0.344983E+00  -0.166157E+00  -0.129772E+00  -0.135279E+00  -0.293736E+00  -0.296636E+00  -0.262236E+00  -0.261979E+00  -0.291369E+00  -0.296323E+00  -0.204980E+00  -0.297919E+00  -0.245219E+00  -0.261979E+00  -0.283436E+00  -0.256887E+00  -0.267574E+00   0.960699E-01  -0.252536E+00  -0.295847E+00  -0.300473E+00  -0.298067E+00  -0.298480E+00  -0.297162E+00  -0.294269E+00  -0.296258E+00  -0.298161E+00  -0.294089E+00  -0.298445E+00  -0.299305E+00  -0.295602E+00  -0.292825E+00  -0.290624E+00  -0.286577E+00  -0.284189E+00  -0.276806E+00  -0.274696E+00  -0.261734E+00  -0.261614E+00  -0.250305E+00  -0.250283E+00  -0.296382E+00
  0.507600E+06   0.588793E-01  -0.315925E+00  -0.161063E+00  -0.759394E-01  -0.939404E-01   0.885278E-02   0.521014E-01  -0.382525E+00  -0.433426E-01  -0.139153E+00   0.272442E-01   0.284937E-01  -0.103097E+00  -0.631315E-01  -0.105144E+00  -0.932988E-01  -0.932781E-01  -0.119628E+00  -0.216819E+00  -0.234322E+00  -0.138626E+00  -0.150944E+00  -0.150249E+00  -0.188471E+00  -0.185749E+00  -0.104641E+00  -0.104322E+00  -0.199059E+00  -0.172071E+00  -0.176431E+00  -0.182745E+00  -0.146541E+00  -0.104322E+00  -0.150824E+00  -0.107958E+00  -0.116167E+00   0.568029E-01  -0.171860E+00  -0.201935E+00  -0.181273E+00  -0.180770E+00  -0.189521E+00  -0.192979E+00  -0.185125E+00  -0.180230E+00  -0.184619E+00  -0.183648E+00  -0.183324E+00  -0.184399E+00  -0.173035E+00  -0.167590E+00  -0.170879E+00  -0.156551E+00  -0.155166E+00  -0.138181E+00  -0.132025E+00  -0.104270E+00  -0.103993E+00  -0.927914E-01  -0.942841E-01  -0.184627E+00
  0.511200E+06   0.275234E-01  -0.407323E+00  -0.661782E-01  -0.139598E+00   0.736617E-01   0.196647E+00   0.251070E+00  -0.408632E+00  -0.168231E+00  -0.243391E+00   0.280751E-01  -0.118023E+00  -0.345276E-01  -0.473737E-01   0.565480E-01  -0.479362E-01  -0.480342E-01   0.190032E-01  -0.458874E-01  -0.670291E-01  -0.192973E-01  -0.845713E-01  -0.757594E-01  -0.200154E-01  -0.206704E-01   0.658025E-01   0.668075E-01  -0.313406E-01  -0.152657E-01  -0.157233E-01  -0.208568E-01  -0.194911E-01   0.668075E-01   0.120971E-01   0.405386E-01   0.512311E-01   0.750917E-02  -0.550528E-02  -0.273633E-01  -0.221258E-01  -0.229882E-01  -0.238380E-01  -0.244526E-01  -0.219495E-01  -0.191739E-01  -0.211404E-01  -0.184661E-01  -0.211383E-01  -0.230309E-01  -0.125486E-01  -0.678682E-02  -0.853315E-02   0.550641E-02   0.800966E-02   0.240745E-01   0.353281E-01   0.634871E-01   0.650327E-01   0.797706E-01   0.781930E-01  -0.226702E-01
  0.514800E+06  -0.609870E-02  -0.418080E+00   0.313758E-01  -0.102294E+00   0.236218E+00   0.340001E+00   0.387794E+00  -0.351888E+00  -0.268116E+00  -0.303686E+00   0.289881E-01  -0.239597E+00   0.507771E-01   0.194415E-01   0.213682E+00   0.404934E-01   0.404866E-01   0.150820E+00   0.133025E+00   0.115185E+00   0.764376E-01   0.275934E-01   0.433912E-01   0.148134E+00   0.150669E+00   0.239578E+00   0.239240E+00   0.138530E+00   0.159883E+00   0.161447E+00   0.152712E+00   0.157322E+00   0.239240E+00   0.188645E+00   0.197355E+00   0.220696E+00   0.154715E+00   0.131470E+00   0.137349E+00   0.146615E+00   0.146288E+00   0.147485E+00   0.145524E+00   0.155812E+00   0.155178E+00   0.151899E+00   0.153865E+00   0.152419E+00   0.153021E+00   0.161693E+00   0.167631E+00   0.165193E+00   0.176793E+00   0.182694E+00   0.199844E+00   0.208725E+00   0.235958E+00   0.237891E+00   0.249429E+00   0.247611E+00   0.147809E+00
  0.518400E+06  -0.377907E-01  -0.320030E+00   0.117628E+00  -0.592686E-01   0.343406E+00   0.389480E+00   0.426719E+00  -0.228036E+00  -0.323876E+00  -0.302209E+00   0.298070E-01  -0.329556E+00   0.114535E+00   0.668055E-01   0.325557E+00   0.995734E-01   0.995488E-01   0.261649E+00   0.298972E+00   0.284067E+00   0.153632E+00   0.132236E+00   0.148876E+00   0.297513E+00   0.299066E+00   0.360852E+00   0.359730E+00   0.283886E+00   0.302992E+00   0.302162E+00   0.300191E+00   0.301401E+00   0.359730E+00   0.322450E+00   0.316462E+00   0.345404E+00   0.310743E+00   0.271173E+00   0.288580E+00   0.294218E+00   0.294350E+00   0.295949E+00   0.293674E+00   0.300277E+00   0.301274E+00   0.298775E+00   0.298511E+00   0.299732E+00   0.298501E+00   0.304865E+00   0.308748E+00   0.306224E+00   0.316123E+00   0.318254E+00   0.329688E+00   0.336415E+00   0.358021E+00   0.359874E+00   0.361252E+00   0.359253E+00   0.296934E+00
  0.522000E+06  -0.691952E-01  -0.138259E+00   0.174677E+00  -0.451631E-01   0.354458E+00   0.344970E+00   0.357028E+00  -0.685399E-01  -0.309207E+00  -0.232561E+00   0.299126E-01  -0.364617E+00   0.153311E+00   0.960283E-01   0.348304E+00   0.139078E+00   0.139096E+00   0.325942E+00   0.397029E+00   0.387291E+00   0.210624E+00   0.227674E+00   0.247211E+00   0.397198E+00   0.398635E+00   0.396839E+00   0.395077E+00   0.371387E+00   0.397290E+00   0.394359E+00   0.398117E+00   0.398590E+00   0.395077E+00   0.396366E+00   0.359473E+00   0.400629E+00   0.395397E+00   0.356145E+00   0.388421E+00   0.394215E+00   0.394335E+00   0.392930E+00   0.388103E+00   0.399264E+00   0.399548E+00   0.393637E+00   0.386875E+00   0.396870E+00   0.397362E+00   0.394311E+00   0.393713E+00   0.388624E+00   0.395257E+00   0.391291E+00   0.397033E+00   0.393905E+00   0.395770E+00   0.397068E+00   0.383133E+00   0.380894E+00   0.396495E+00
  0.525600E+06  -0.985991E-01   0.458992E-01   0.193139E+00  -0.256982E-01   0.251680E+00   0.211123E+00   0.195655E+00   0.798768E-01  -0.225854E+00  -0.130822E+00   0.295464E-01  -0.315110E+00   0.162135E+00   0.110127E+00   0.267050E+00   0.154240E+00   0.154319E+00   0.282301E+00   0.347403E+00   0.332579E+00   0.223212E+00   0.286101E+00   0.297805E+00   0.399940E+00   0.394905E+00   0.319782E+00   0.317268E+00   0.361913E+00   0.378609E+00   0.372108E+00   0.389707E+00   0.386190E+00   0.317268E+00   0.355421E+00   0.299783E+00   0.339524E+00   0.364567E+00   0.308796E+00   0.394221E+00   0.394806E+00   0.394859E+00   0.387157E+00   0.381733E+00   0.392617E+00   0.391011E+00   0.382830E+00   0.371083E+00   0.387461E+00   0.387937E+00   0.373783E+00   0.368055E+00   0.363536E+00   0.361395E+00   0.353300E+00   0.348554E+00   0.339274E+00   0.321221E+00   0.321453E+00   0.294783E+00   0.293179E+00   0.395232E+00
  0.529200E+06  -0.117843E+00   0.184560E+00   0.145524E+00   0.494956E-01   0.749451E-01   0.188231E-01  -0.167530E-01   0.189190E+00  -0.120449E+00  -0.233516E-01   0.289164E-01  -0.218765E+00   0.127928E+00   0.103584E+00   0.106090E+00   0.131841E+00   0.131988E+00   0.161267E+00   0.205752E+00   0.199906E+00   0.163206E+00   0.269646E+00   0.268143E+00   0.279436E+00   0.268310E+00   0.162185E+00   0.159325E+00   0.251408E+00   0.243336E+00   0.237608E+00   0.260285E+00   0.253192E+00   0.159325E+00   0.210126E+00   0.169039E+00   0.184038E+00   0.231596E+00   0.201432E+00   0.283931E+00   0.274696E+00   0.274596E+00   0.263986E+00   0.262250E+00   0.262827E+00   0.259836E+00   0.255845E+00   0.246839E+00   0.258524E+00   0.256920E+00   0.240386E+00   0.232382E+00   0.232610E+00   0.219623E+00   0.214357E+00   0.200764E+00   0.191739E+00   0.165078E+00   0.164393E+00   0.133861E+00   0.133834E+00   0.272453E+00
  0.532800E+06  -0.102644E+00   0.264393E+00   0.288732E-01   0.176190E+00  -0.996075E-01  -0.177589E+00  -0.225368E+00   0.217321E+00  -0.120965E-02   0.699924E-01   0.283711E-01  -0.898886E-01   0.486785E-01   0.675444E-01  -0.546090E-01   0.624075E-01   0.625867E-01   0.285126E-01   0.518323E-01   0.452540E-01   0.485622E-01   0.208356E+00   0.194516E+00   0.111888E+00   0.104713E+00  -0.909316E-02  -0.116237E-01   0.945904E-01   0.823924E-01   0.773580E-01   0.981859E-01   0.992536E-01  -0.116237E-01   0.528391E-01  -0.251667E-02   0.138939E-01   0.127154E+00   0.382633E-01   0.118471E+00   0.108121E+00   0.109607E+00   0.101696E+00   0.100612E+00   0.100554E+00   0.979232E-01   0.945462E-01   0.862974E-01   0.967831E-01   0.958965E-01   0.792691E-01   0.705945E-01   0.718636E-01   0.570856E-01   0.518726E-01   0.353207E-01   0.234463E-01  -0.759485E-02  -0.683355E-02  -0.351000E-01  -0.346093E-01   0.107902E+00
  0.536400E+06  -0.666129E-01   0.269689E+00  -0.847846E-01   0.157436E+00  -0.259437E+00  -0.326449E+00  -0.377015E+00   0.157231E+00   0.938018E-01   0.123668E+00   0.279055E-01   0.376131E-01  -0.317848E-01   0.116558E-01  -0.214060E+00  -0.911407E-02  -0.900313E-02  -0.942075E-01  -0.107313E+00  -0.106359E+00  -0.273667E-01   0.116159E+00   0.100956E+00  -0.327337E-01  -0.432030E-01  -0.175426E+00  -0.177729E+00  -0.503930E-01  -0.701907E-01  -0.749824E-01  -0.515880E-01  -0.345584E-01  -0.177729E+00  -0.103499E+00  -0.158558E+00  -0.149484E+00   0.625170E-01  -0.133082E+00  -0.241949E-01  -0.400956E-01  -0.368190E-01  -0.455558E-01  -0.456581E-01  -0.473416E-01  -0.518291E-01  -0.548199E-01  -0.625212E-01  -0.529935E-01  -0.546708E-01  -0.735029E-01  -0.830537E-01  -0.797264E-01  -0.952249E-01  -0.103669E+00  -0.124003E+00  -0.137609E+00  -0.173595E+00  -0.173189E+00  -0.199928E+00  -0.198898E+00  -0.381637E-01
  0.540000E+06  -0.282998E-01   0.183911E+00  -0.189479E+00   0.162154E+00  -0.361995E+00  -0.402006E+00  -0.431669E+00   0.196921E-01   0.134174E+00   0.108670E+00   0.275904E-01   0.129132E+00  -0.831537E-01  -0.186723E-01  -0.333063E+00  -0.508973E-01  -0.507504E-01  -0.198321E+00  -0.251510E+00  -0.245989E+00  -0.885083E-01   0.275334E-01   0.200254E-01  -0.162825E+00  -0.168772E+00  -0.307235E+00  -0.309205E+00  -0.175516E+00  -0.197736E+00  -0.184723E+00  -0.178122E+00  -0.145701E+00  -0.309205E+00  -0.233175E+00  -0.273881E+00  -0.282139E+00   0.980215E-01  -0.238188E+00  -0.151518E+00  -0.166421E+00  -0.162713E+00  -0.172476E+00  -0.172626E+00  -0.174886E+00  -0.178932E+00  -0.181444E+00  -0.188874E+00  -0.179523E+00  -0.180243E+00  -0.199978E+00  -0.209653E+00  -0.205952E+00  -0.225944E+00  -0.230860E+00  -0.254167E+00  -0.268179E+00  -0.304009E+00  -0.305168E+00  -0.326284E+00  -0.324621E+00  -0.165109E+00
  0.543600E+06   0.997540E-02   0.160665E-01  -0.254113E+00   0.137390E+00  -0.377765E+00  -0.369406E+00  -0.374190E+00  -0.154341E+00   0.102855E+00   0.275404E-01   0.276951E-01   0.160110E+00  -0.116050E+00  -0.378025E-01  -0.375039E+00  -0.811217E-01  -0.810349E-01  -0.270819E+00  -0.356874E+00  -0.354274E+00  -0.139477E+00  -0.533609E-01  -0.593955E-01  -0.274464E+00  -0.276376E+00  -0.380239E+00  -0.380882E+00  -0.275881E+00  -0.301439E+00  -0.207086E+00  -0.285516E+00  -0.239219E+00  -0.380882E+00  -0.330354E+00  -0.338010E+00  -0.363880E+00   0.816511E-01  -0.294267E+00  -0.260043E+00  -0.274238E+00  -0.269943E+00  -0.279389E+00  -0.278107E+00  -0.281856E+00  -0.286804E+00  -0.287338E+00  -0.290921E+00  -0.286416E+00  -0.289766E+00  -0.302776E+00  -0.310019E+00  -0.304941E+00  -0.323219E+00  -0.324895E+00  -0.345049E+00  -0.352468E+00  -0.376790E+00  -0.379039E+00  -0.382058E+00  -0.379951E+00  -0.272993E+00
  0.547200E+06   0.405594E-01  -0.168295E+00  -0.269695E+00   0.577486E-01  -0.301450E+00  -0.240410E+00  -0.216948E+00  -0.318998E+00   0.159664E-01  -0.812342E-01   0.282343E-01   0.984379E-01  -0.131598E+00  -0.543970E-01  -0.312172E+00  -0.101987E+00  -0.101977E+00  -0.283286E+00  -0.386478E+00  -0.386374E+00  -0.176460E+00  -0.122533E+00  -0.127381E+00  -0.339344E+00  -0.345691E+00  -0.347942E+00  -0.347027E+00  -0.326102E+00  -0.355175E+00  -0.218083E+00  -0.350246E+00  -0.293356E+00  -0.347027E+00  -0.356527E+00  -0.326903E+00  -0.352742E+00   0.995614E-01  -0.292172E+00  -0.332951E+00  -0.339436E+00  -0.336761E+00  -0.343974E+00  -0.339677E+00  -0.319512E+00  -0.351358E+00  -0.347426E+00  -0.341983E+00  -0.349861E+00  -0.352795E+00  -0.352263E+00  -0.352533E+00  -0.345886E+00  -0.355405E+00  -0.350071E+00  -0.356016E+00  -0.350406E+00  -0.347652E+00  -0.348223E+00  -0.328889E+00  -0.326716E+00  -0.342882E+00
  0.550800E+06   0.424113E-01  -0.330921E+00  -0.228101E+00  -0.728147E-01  -0.148200E+00  -0.460198E-01   0.168384E-02  -0.432802E+00  -0.964089E-01  -0.195069E+00   0.288898E-01  -0.295346E-01  -0.120287E+00  -0.669301E-01  -0.163696E+00  -0.105323E+00  -0.105381E+00  -0.189643E+00  -0.280842E+00  -0.294016E+00  -0.173533E+00  -0.166003E+00  -0.167269E+00  -0.302096E+00  -0.299865E+00  -0.186930E+00  -0.185865E+00  -0.271411E+00  -0.272689E+00  -0.197087E+00  -0.291254E+00  -0.236790E+00  -0.185865E+00  -0.243016E+00  -0.192385E+00  -0.205727E+00   0.307289E-01  -0.245170E+00  -0.305560E+00  -0.293415E+00  -0.290340E+00  -0.291366E+00  -0.287064E+00  -0.305640E+00  -0.291417E+00  -0.284434E+00  -0.272378E+00  -0.289123E+00  -0.293206E+00  -0.268613E+00  -0.260322E+00  -0.258397E+00  -0.249517E+00  -0.241384E+00  -0.228529E+00  -0.216676E+00  -0.188420E+00  -0.187113E+00  -0.165466E+00  -0.165134E+00  -0.297331E+00
  0.554400E+06   0.116858E-01  -0.441733E+00  -0.115284E+00  -0.161606E+00   0.354356E-01   0.165809E+00   0.227758E+00  -0.468520E+00  -0.223357E+00  -0.302824E+00   0.292807E-01  -0.175662E+00  -0.599114E-01  -0.595200E-01   0.184802E-01  -0.704269E-01  -0.705880E-01  -0.344820E-01  -0.117642E+00  -0.128509E+00  -0.720284E-01  -0.139310E+00  -0.132474E+00  -0.130727E+00  -0.133318E+00  -0.127036E-01  -0.106353E-01  -0.118445E+00  -0.115004E+00  -0.113059E+00  -0.128191E+00  -0.102693E+00  -0.106353E-01  -0.809290E-01  -0.293163E-01  -0.354679E-01  -0.177538E-01  -0.865650E-01  -0.132398E+00  -0.132554E+00  -0.131137E+00  -0.127561E+00  -0.123706E+00  -0.133080E+00  -0.127956E+00  -0.123098E+00  -0.113317E+00  -0.126730E+00  -0.130664E+00  -0.110304E+00  -0.101968E+00  -0.100744E+00  -0.888025E-01  -0.814181E-01  -0.641508E-01  -0.483839E-01  -0.167419E-01  -0.146861E-01   0.161731E-01   0.160528E-01  -0.131199E+00
  0.558000E+06  -0.214860E-01  -0.469252E+00   0.238079E-03  -0.129802E+00   0.216823E+00   0.343534E+00   0.404414E+00  -0.409032E+00  -0.327293E+00  -0.367366E+00   0.296587E-01  -0.299825E+00   0.362892E-01   0.315964E-02   0.191884E+00   0.241853E-01   0.240846E-01   0.110915E+00   0.831822E-01   0.703244E-01   0.536157E-01  -0.375088E-01  -0.219122E-01   0.629493E-01   0.663172E-01   0.185714E+00   0.187552E+00   0.743760E-01   0.822735E-01   0.848517E-01   0.710480E-01   0.557091E-01   0.187552E+00   0.121555E+00   0.143274E+00   0.161147E+00  -0.787855E-01   0.723470E-01   0.565823E-01   0.631526E-01   0.624444E-01   0.689793E-01   0.706257E-01   0.672116E-01   0.717590E-01   0.747303E-01   0.825297E-01   0.722674E-01   0.694845E-01   0.875298E-01   0.959233E-01   0.959544E-01   0.110618E+00   0.117004E+00   0.133223E+00   0.149464E+00   0.180310E+00   0.182929E+00   0.209920E+00   0.209328E+00   0.644894E-01
  0.561600E+06  -0.529205E-01  -0.380211E+00   0.111084E+00  -0.718761E-01   0.363185E+00   0.437981E+00   0.486743E+00  -0.278614E+00  -0.385641E+00  -0.365074E+00   0.299236E-01  -0.391977E+00   0.110434E+00   0.607641E-01   0.339360E+00   0.932861E-01   0.931948E-01   0.249550E+00   0.281547E+00   0.267603E+00   0.140503E+00   0.788351E-01   0.101125E+00   0.239858E+00   0.243982E+00   0.352226E+00   0.355733E+00   0.248974E+00   0.257008E+00   0.259442E+00   0.248104E+00   0.251425E+00   0.355733E+00   0.291862E+00   0.300183E+00   0.326852E+00   0.264714E+00   0.231871E+00   0.234157E+00   0.237559E+00   0.237890E+00   0.246404E+00   0.247817E+00   0.244025E+00   0.247815E+00   0.251842E+00   0.258479E+00   0.249504E+00   0.246996E+00   0.263015E+00   0.270392E+00   0.270356E+00   0.282092E+00   0.289036E+00   0.303639E+00   0.317504E+00   0.345632E+00   0.348226E+00   0.366758E+00   0.365507E+00   0.241707E+00
  0.565200E+06  -0.841288E-01  -0.183011E+00   0.195273E+00  -0.398214E-01   0.419362E+00   0.431803E+00   0.454971E+00  -0.980830E-01  -0.368630E+00  -0.284538E+00   0.299416E-01  -0.426672E+00   0.161887E+00   0.965782E-01   0.404156E+00   0.143153E+00   0.143115E+00   0.363289E+00   0.424669E+00   0.414196E+00   0.216134E+00   0.193131E+00   0.216370E+00   0.381457E+00   0.384943E+00   0.433929E+00   0.433692E+00   0.377495E+00   0.392018E+00   0.392426E+00   0.387846E+00   0.389957E+00   0.433692E+00   0.408666E+00   0.387954E+00   0.426636E+00   0.399266E+00   0.355177E+00   0.375870E+00   0.378768E+00   0.379384E+00   0.384613E+00   0.383472E+00   0.386777E+00   0.388602E+00   0.387755E+00   0.388389E+00   0.387951E+00   0.387350E+00   0.393850E+00   0.397252E+00   0.394886E+00   0.403301E+00   0.404845E+00   0.414771E+00   0.418788E+00   0.430604E+00   0.432621E+00   0.434463E+00   0.432420E+00   0.383192E+00
  0.568800E+06  -0.113378E+00   0.381874E-01   0.238589E+00  -0.146169E-01   0.357807E+00   0.322955E+00   0.315743E+00   0.835076E-01  -0.273373E+00  -0.162339E+00   0.294401E-01  -0.368298E+00   0.186777E+00   0.119566E+00   0.364227E+00   0.172421E+00   0.172450E+00   0.358607E+00   0.448683E+00   0.440802E+00   0.254165E+00   0.281730E+00   0.303326E+00   0.443009E+00   0.442414E+00   0.409872E+00   0.408362E+00   0.416659E+00   0.438419E+00   0.435138E+00   0.441490E+00   0.441053E+00   0.408362E+00   0.428116E+00   0.376680E+00   0.421632E+00   0.431916E+00   0.382729E+00   0.436627E+00   0.438970E+00   0.439313E+00   0.438045E+00   0.433456E+00   0.442270E+00   0.442371E+00   0.437321E+00   0.429148E+00   0.440413E+00   0.440763E+00   0.434907E+00   0.432329E+00   0.427359E+00   0.430350E+00   0.424494E+00   0.424830E+00   0.418614E+00   0.409453E+00   0.410419E+00   0.391044E+00   0.389248E+00   0.441645E+00
  0.572400E+06  -0.133224E+00   0.216424E+00   0.240644E+00   0.382219E-01   0.189643E+00   0.139795E+00   0.104001E+00   0.244331E+00  -0.148782E+00  -0.259215E-01   0.285857E-01  -0.257435E+00   0.172947E+00   0.124608E+00   0.220290E+00   0.169074E+00   0.169178E+00   0.249644E+00   0.320678E+00   0.324965E+00   0.228424E+00   0.304890E+00   0.311443E+00   0.375086E+00   0.363112E+00   0.261622E+00   0.259594E+00   0.341975E+00   0.338820E+00   0.333092E+00   0.355223E+00   0.348552E+00   0.259594E+00   0.306319E+00   0.253352E+00   0.282841E+00   0.320220E+00   0.289496E+00   0.374211E+00   0.368005E+00   0.367932E+00   0.358009E+00   0.355283E+00   0.358065E+00   0.354967E+00   0.350262E+00   0.340517E+00   0.353313E+00   0.352072E+00   0.335531E+00   0.327794E+00   0.327179E+00   0.315764E+00   0.309858E+00   0.297304E+00   0.289861E+00   0.263357E+00   0.263075E+00   0.238482E+00   0.238214E+00   0.366816E+00
  0.576000E+06  -0.116920E+00   0.335027E+00   0.134921E+00   0.183330E+00   0.428841E-02  -0.694014E-01  -0.127107E+00   0.322316E+00   0.264583E-03   0.102231E+00   0.277384E-01  -0.107511E+00   0.113774E+00   0.104988E+00   0.521240E-01   0.122278E+00   0.122437E+00   0.109426E+00   0.161515E+00   0.168357E+00   0.121055E+00   0.256147E+00   0.248611E+00   0.204657E+00   0.197787E+00   0.938429E-01   0.911927E-01   0.186427E+00   0.178523E+00   0.174109E+00   0.192463E+00   0.186938E+00   0.911927E-01   0.143550E+00   0.996788E-01   0.111515E+00   0.167896E+00   0.132758E+00   0.209761E+00   0.201290E+00   0.202533E+00   0.194667E+00   0.192974E+00   0.194804E+00   0.192293E+00   0.188167E+00   0.179794E+00   0.190941E+00   0.190408E+00   0.174499E+00   0.166387E+00   0.166592E+00   0.153336E+00   0.148232E+00   0.133873E+00   0.122038E+00   0.958836E-01   0.956925E-01   0.663281E-01   0.665973E-01   0.201127E+00
  0.579600E+06  -0.775023E-01   0.379665E+00   0.264744E-01   0.231184E+00  -0.170231E+00  -0.258154E+00  -0.319086E+00   0.307715E+00   0.134013E+00   0.198470E+00   0.269718E-01   0.505617E-01   0.214531E-01   0.516812E-01  -0.114461E+00   0.367410E-01   0.368784E-01  -0.210012E-01   0.104416E-02   0.604420E-02   0.195953E-01   0.166846E+00   0.149995E+00   0.437822E-01   0.360998E-01  -0.802796E-01  -0.825532E-01   0.264677E-01   0.142424E-01   0.802874E-02   0.293955E-01   0.404790E-01  -0.825532E-01  -0.164172E-01  -0.697850E-01  -0.598798E-01   0.105343E+00  -0.379499E-01   0.512959E-01   0.374283E-01   0.405292E-01   0.330607E-01   0.322614E-01   0.326218E-01   0.292055E-01   0.253975E-01   0.174143E-01   0.278355E-01   0.284714E-01   0.974853E-02   0.862148E-03   0.243520E-02  -0.130295E-01  -0.185723E-01  -0.346838E-01  -0.495885E-01  -0.793637E-01  -0.785408E-01  -0.106139E+00  -0.105612E+00   0.395209E-01
  0.583200E+06  -0.332117E-01   0.331231E+00  -0.802141E-01   0.214955E+00  -0.303547E+00  -0.373954E+00  -0.423736E+00   0.201804E+00   0.220968E+00   0.231389E+00   0.263339E-01   0.182458E+00  -0.484326E-01   0.334905E-02  -0.258291E+00  -0.202907E-01  -0.200881E-01  -0.136721E+00  -0.154575E+00  -0.147785E+00  -0.472303E-01   0.730250E-01   0.637512E-01  -0.862609E-01  -0.987066E-01  -0.229684E+00  -0.231681E+00  -0.111554E+00  -0.121224E+00  -0.124269E+00  -0.104985E+00  -0.798512E-01  -0.231681E+00  -0.157250E+00  -0.207656E+00  -0.207733E+00   0.981146E-01  -0.183949E+00  -0.855150E-01  -0.963610E-01  -0.930412E-01  -0.102433E+00  -0.104455E+00  -0.103068E+00  -0.105212E+00  -0.110080E+00  -0.119486E+00  -0.106838E+00  -0.104713E+00  -0.126222E+00  -0.135942E+00  -0.134773E+00  -0.151093E+00  -0.157938E+00  -0.178243E+00  -0.195006E+00  -0.227926E+00  -0.228131E+00  -0.253281E+00  -0.252958E+00  -0.946615E-01
  0.586800E+06   0.147549E-01   0.189411E+00  -0.161568E+00   0.211354E+00  -0.358309E+00  -0.384160E+00  -0.416185E+00   0.348391E-01   0.243082E+00   0.189501E+00   0.261717E-01   0.269810E+00  -0.894074E-01  -0.198072E-01  -0.337777E+00  -0.550412E-01  -0.548610E-01  -0.224223E+00  -0.281330E+00  -0.277405E+00  -0.101675E+00  -0.110453E-01  -0.184386E-01  -0.205216E+00  -0.215894E+00  -0.329566E+00  -0.330839E+00  -0.226978E+00  -0.240663E+00  -0.192352E+00  -0.223698E+00  -0.184796E+00  -0.330839E+00  -0.271587E+00  -0.295022E+00  -0.314891E+00   0.903024E-01  -0.262949E+00  -0.206606E+00  -0.215148E+00  -0.211137E+00  -0.221690E+00  -0.223408E+00  -0.218680E+00  -0.225585E+00  -0.228680E+00  -0.236264E+00  -0.225479E+00  -0.223679E+00  -0.242687E+00  -0.251057E+00  -0.249523E+00  -0.264262E+00  -0.269578E+00  -0.288248E+00  -0.302744E+00  -0.326912E+00  -0.328548E+00  -0.341872E+00  -0.341262E+00  -0.213961E+00
  0.590400E+06   0.612382E-01  -0.346663E-02  -0.191038E+00   0.153900E+00  -0.317220E+00  -0.292738E+00  -0.298123E+00  -0.137062E+00   0.180771E+00   0.909331E-01   0.264817E-01   0.270287E+00  -0.112897E+00  -0.363185E-01  -0.323424E+00  -0.795664E-01  -0.794324E-01  -0.264220E+00  -0.353639E+00  -0.352916E+00  -0.144183E+00  -0.871539E-01  -0.940547E-01  -0.308765E+00  -0.308210E+00  -0.347339E+00  -0.347017E+00  -0.304674E+00  -0.316158E+00  -0.208892E+00  -0.313033E+00  -0.258200E+00  -0.347017E+00  -0.333037E+00  -0.319596E+00  -0.349334E+00   0.116328E+00  -0.289375E+00  -0.300542E+00  -0.320277E+00  -0.316654E+00  -0.310604E+00  -0.309650E+00  -0.300585E+00  -0.312783E+00  -0.313943E+00  -0.314599E+00  -0.313476E+00  -0.312133E+00  -0.319463E+00  -0.323051E+00  -0.320428E+00  -0.329286E+00  -0.329578E+00  -0.339701E+00  -0.343268E+00  -0.346215E+00  -0.347626E+00  -0.338714E+00  -0.337867E+00  -0.306762E+00
  0.594000E+06   0.925327E-01  -0.170483E+00  -0.172068E+00   0.362651E-01  -0.188562E+00  -0.122143E+00  -0.100428E+00  -0.273091E+00   0.821759E-01  -0.188032E-01   0.271717E-01   0.172780E+00  -0.112819E+00  -0.498735E-01  -0.203532E+00  -0.902657E-01  -0.901860E-01  -0.213212E+00  -0.295521E+00  -0.308712E+00  -0.159868E+00  -0.146585E+00  -0.148586E+00  -0.333498E+00  -0.328091E+00  -0.227109E+00  -0.225410E+00  -0.298426E+00  -0.305506E+00  -0.204430E+00  -0.321979E+00  -0.262118E+00  -0.225410E+00  -0.276183E+00  -0.229015E+00  -0.248530E+00   0.365952E-01  -0.265845E+00  -0.328864E+00  -0.324890E+00  -0.322366E+00  -0.321826E+00  -0.316835E+00  -0.314724E+00  -0.321592E+00  -0.316428E+00  -0.304522E+00  -0.320308E+00  -0.320204E+00  -0.303477E+00  -0.295935E+00  -0.293617E+00  -0.283191E+00  -0.277312E+00  -0.263401E+00  -0.257269E+00  -0.229339E+00  -0.228531E+00  -0.205437E+00  -0.206066E+00  -0.327507E+00
  0.597600E+06   0.859153E-01  -0.295016E+00  -0.765513E-01  -0.802985E-01  -0.970507E-02   0.848287E-01   0.125396E+00  -0.337995E+00  -0.372732E-01  -0.124042E+00   0.281030E-01   0.284255E-01  -0.685969E-01  -0.509186E-01  -0.212808E-01  -0.698450E-01  -0.698802E-01  -0.639902E-01  -0.152224E+00  -0.163699E+00  -0.929315E-01  -0.152086E+00  -0.146390E+00  -0.194759E+00  -0.185921E+00  -0.584894E-01  -0.563452E-01  -0.181141E+00  -0.159040E+00  -0.156533E+00  -0.178062E+00  -0.143688E+00  -0.563452E-01  -0.126325E+00  -0.659636E-01  -0.839233E-01  -0.519404E-02  -0.155228E+00  -0.205646E+00  -0.185483E+00  -0.184037E+00  -0.184516E+00  -0.185055E+00  -0.182664E+00  -0.176781E+00  -0.175838E+00  -0.169010E+00  -0.177013E+00  -0.177678E+00  -0.158097E+00  -0.149582E+00  -0.151681E+00  -0.134932E+00  -0.129515E+00  -0.109952E+00  -0.979692E-01  -0.610387E-01  -0.602760E-01  -0.311117E-01  -0.323208E-01  -0.185940E+00
  0.601200E+06   0.511929E-01  -0.346969E+00   0.287146E-01  -0.914768E-01   0.161919E+00   0.272627E+00   0.320292E+00  -0.316593E+00  -0.154683E+00  -0.207568E+00   0.290520E-01  -0.114610E+00   0.236273E-01  -0.488003E-02   0.143811E+00   0.120362E-01   0.119776E-01   0.727616E-01   0.371936E-01   0.236692E-01   0.392856E-01  -0.790897E-01  -0.674494E-01  -0.114461E-02  -0.143361E-02   0.125012E+00   0.127190E+00   0.612462E-02   0.169732E-01   0.203864E-01   0.366383E-02  -0.181421E-02   0.127190E+00   0.533038E-01   0.907345E-01   0.964777E-01  -0.569978E-01   0.260698E-01  -0.817663E-02  -0.497929E-02  -0.516926E-02   0.184046E-02   0.390796E-02   0.465664E-03   0.432374E-02   0.723320E-02   0.152126E-01   0.485569E-02   0.306928E-02   0.205309E-01   0.289255E-01   0.286153E-01   0.441671E-01   0.501307E-01   0.682717E-01   0.838326E-01   0.120546E+00   0.122545E+00   0.150443E+00   0.149229E+00  -0.313010E-02
  0.604800E+06   0.176090E-01  -0.304935E+00   0.131851E+00  -0.337984E-01   0.318472E+00   0.391409E+00   0.433162E+00  -0.219564E+00  -0.234536E+00  -0.234565E+00   0.300424E-01  -0.224102E+00   0.100851E+00   0.608977E-01   0.296947E+00   0.877790E-01   0.877505E-01   0.209228E+00   0.234931E+00   0.217986E+00   0.124297E+00   0.396331E-01   0.595873E-01   0.177948E+00   0.185396E+00   0.301615E+00   0.302886E+00   0.189225E+00   0.205001E+00   0.208667E+00   0.191789E+00   0.196657E+00   0.302886E+00   0.239975E+00   0.254702E+00   0.275100E+00   0.214275E+00   0.168489E+00   0.170779E+00   0.178828E+00   0.178959E+00   0.187583E+00   0.188004E+00   0.187871E+00   0.192366E+00   0.194656E+00   0.200913E+00   0.193013E+00   0.192841E+00   0.208838E+00   0.216775E+00   0.215018E+00   0.229594E+00   0.235829E+00   0.251313E+00   0.265006E+00   0.296941E+00   0.299199E+00   0.318411E+00   0.317071E+00   0.182152E+00
  0.608400E+06  -0.140291E-01  -0.156807E+00   0.212825E+00  -0.309521E-02   0.398378E+00   0.414698E+00   0.433275E+00  -0.706645E-01  -0.255584E+00  -0.196017E+00   0.301621E-01  -0.289833E+00   0.156647E+00   0.998886E-01   0.383061E+00   0.140046E+00   0.140011E+00   0.321112E+00   0.387180E+00   0.375083E+00   0.201833E+00   0.152507E+00   0.174490E+00   0.327485E+00   0.332280E+00   0.404321E+00   0.404587E+00   0.329792E+00   0.345486E+00   0.347384E+00   0.338031E+00   0.341313E+00   0.404587E+00   0.367753E+00   0.358553E+00   0.390150E+00   0.355589E+00   0.303049E+00   0.323344E+00   0.326338E+00   0.326669E+00   0.335095E+00   0.334433E+00   0.336025E+00   0.337950E+00   0.339583E+00   0.341751E+00   0.338828E+00   0.338181E+00   0.348079E+00   0.352779E+00   0.350493E+00   0.360864E+00   0.363645E+00   0.375395E+00   0.381583E+00   0.400792E+00   0.402668E+00   0.408457E+00   0.406482E+00   0.330885E+00
  0.612000E+06  -0.446374E-01   0.390245E-01   0.253662E+00   0.144204E-01   0.357600E+00   0.326037E+00   0.319716E+00   0.960638E-01  -0.198353E+00  -0.104322E+00   0.298290E-01  -0.279159E+00   0.186665E+00   0.125535E+00   0.362169E+00   0.173042E+00   0.173068E+00   0.350885E+00   0.442033E+00   0.432478E+00   0.247585E+00   0.246692E+00   0.267263E+00   0.412718E+00   0.415725E+00   0.404083E+00   0.403023E+00   0.391022E+00   0.417593E+00   0.415419E+00   0.416810E+00   0.417954E+00   0.403023E+00   0.412578E+00   0.369154E+00   0.410877E+00   0.414018E+00   0.365534E+00   0.404948E+00   0.410797E+00   0.411103E+00   0.411668E+00   0.406848E+00   0.417286E+00   0.417906E+00   0.412876E+00   0.405949E+00   0.415914E+00   0.417101E+00   0.413808E+00   0.412653E+00   0.407212E+00   0.412994E+00   0.408112E+00   0.411309E+00   0.406396E+00   0.403231E+00   0.404234E+00   0.389072E+00   0.386926E+00   0.413719E+00
  0.615600E+06  -0.692073E-01   0.202150E+00   0.249250E+00   0.555691E-01   0.202215E+00   0.152473E+00   0.120239E+00   0.237750E+00  -0.987925E-01   0.665613E-02   0.290771E-01  -0.195866E+00   0.179594E+00   0.133075E+00   0.234704E+00   0.174901E+00   0.174986E+00   0.257957E+00   0.339604E+00   0.333320E+00   0.233309E+00   0.289730E+00   0.297121E+00   0.372246E+00   0.364271E+00   0.272637E+00   0.270610E+00   0.339331E+00   0.343804E+00   0.338377E+00   0.357774E+00   0.352475E+00   0.270610E+00   0.313202E+00   0.260771E+00   0.292097E+00   0.326301E+00   0.284686E+00   0.369882E+00   0.367310E+00   0.367199E+00   0.358507E+00   0.354829E+00   0.360312E+00   0.357925E+00   0.352332E+00   0.342009E+00   0.355863E+00   0.355604E+00   0.339837E+00   0.332653E+00   0.330763E+00   0.321902E+00   0.315481E+00   0.305014E+00   0.297454E+00   0.274076E+00   0.273852E+00   0.249961E+00   0.249274E+00   0.366533E+00
  0.619200E+06  -0.659675E-01   0.308162E+00   0.133248E+00   0.183257E+00   0.981505E-02  -0.648325E-01  -0.114102E+00   0.306735E+00   0.224071E-01   0.111428E+00   0.281071E-01  -0.737551E-01   0.124195E+00   0.116075E+00   0.604411E-01   0.132565E+00   0.132712E+00   0.116681E+00   0.182936E+00   0.179430E+00   0.133626E+00   0.250134E+00   0.244073E+00   0.211366E+00   0.204795E+00   0.101864E+00   0.991095E-01   0.194239E+00   0.186265E+00   0.182201E+00   0.199759E+00   0.194481E+00   0.991095E-01   0.151634E+00   0.109108E+00   0.120899E+00   0.176043E+00   0.136439E+00   0.217001E+00   0.208333E+00   0.209397E+00   0.201996E+00   0.200572E+00   0.201916E+00   0.199571E+00   0.195713E+00   0.187601E+00   0.198360E+00   0.198080E+00   0.182348E+00   0.174355E+00   0.174463E+00   0.161511E+00   0.156346E+00   0.141221E+00   0.130658E+00   0.104324E+00   0.103847E+00   0.736062E-01   0.738873E-01   0.208010E+00
  0.622800E+06  -0.302659E-01   0.342937E+00   0.459586E-02   0.221253E+00  -0.176903E+00  -0.270615E+00  -0.323988E+00   0.285594E+00   0.141013E+00   0.190796E+00   0.273688E-01   0.688689E-01   0.299391E-01   0.626980E-01  -0.116483E+00   0.456774E-01   0.457767E-01  -0.187979E-01   0.205450E-01   0.151064E-01   0.254001E-01   0.167080E+00   0.150672E+00   0.467729E-01   0.389937E-01  -0.804054E-01  -0.827942E-01   0.315432E-01   0.176636E-01   0.123721E-01   0.326402E-01   0.437658E-01  -0.827942E-01  -0.138221E-01  -0.696424E-01  -0.588307E-01   0.907261E-01  -0.440753E-01   0.544178E-01   0.406405E-01   0.437086E-01   0.365788E-01   0.360682E-01   0.362291E-01   0.317299E-01   0.290862E-01   0.213884E-01   0.313587E-01   0.308826E-01   0.134352E-01   0.435676E-02   0.613957E-02  -0.905208E-02  -0.155367E-01  -0.330713E-01  -0.476521E-01  -0.793997E-01  -0.785610E-01  -0.107530E+00  -0.107054E+00   0.426844E-01
  0.626400E+06   0.108708E-01   0.289856E+00  -0.127373E+00   0.197171E+00  -0.332435E+00  -0.409314E+00  -0.454910E+00   0.168784E+00   0.211347E+00   0.208096E+00   0.268158E-01   0.183871E+00  -0.434921E-01   0.129011E-01  -0.277689E+00  -0.145799E-01  -0.144171E-01  -0.142947E+00  -0.136659E+00  -0.144618E+00  -0.452272E-01   0.713782E-01   0.619583E-01  -0.900695E-01  -0.102800E+00  -0.247034E+00  -0.249269E+00  -0.112552E+00  -0.128880E+00  -0.130121E+00  -0.109942E+00  -0.847277E-01  -0.249269E+00  -0.166400E+00  -0.220155E+00  -0.221303E+00   0.952176E-01  -0.204616E+00  -0.879953E-01  -0.100788E+00  -0.973150E-01  -0.106625E+00  -0.107894E+00  -0.107753E+00  -0.110530E+00  -0.114859E+00  -0.124034E+00  -0.111656E+00  -0.111688E+00  -0.132307E+00  -0.142792E+00  -0.140937E+00  -0.159706E+00  -0.166465E+00  -0.188799E+00  -0.206773E+00  -0.244824E+00  -0.245243E+00  -0.273251E+00  -0.272373E+00  -0.989497E-01
  0.630000E+06   0.521012E-01   0.140369E+00  -0.237601E+00   0.188211E+00  -0.415286E+00  -0.447434E+00  -0.471670E+00  -0.140937E-01   0.211422E+00   0.145463E+00   0.265332E-01   0.250303E+00  -0.898035E-01  -0.129955E-01  -0.383797E+00  -0.532468E-01  -0.531075E-01  -0.244771E+00  -0.301280E+00  -0.292639E+00  -0.105514E+00  -0.146504E-01  -0.226414E-01  -0.230825E+00  -0.229745E+00  -0.371421E+00  -0.372489E+00  -0.239563E+00  -0.257156E+00  -0.199070E+00  -0.239246E+00  -0.197885E+00  -0.372489E+00  -0.295129E+00  -0.323496E+00  -0.348837E+00   0.871382E-01  -0.298523E+00  -0.217031E+00  -0.228392E+00  -0.224244E+00  -0.235565E+00  -0.236730E+00  -0.235368E+00  -0.239915E+00  -0.243886E+00  -0.252197E+00  -0.240839E+00  -0.239704E+00  -0.260801E+00  -0.270773E+00  -0.268567E+00  -0.286941E+00  -0.293292E+00  -0.316827E+00  -0.333804E+00  -0.367393E+00  -0.370001E+00  -0.388084E+00  -0.386739E+00  -0.227274E+00
  0.633600E+06   0.886230E-01  -0.693627E-01  -0.296488E+00   0.117324E+00  -0.399820E+00  -0.373169E+00  -0.367744E+00  -0.213387E+00   0.133830E+00   0.320025E-01   0.267483E-01   0.224653E+00  -0.120632E+00  -0.327670E-01  -0.399782E+00  -0.833769E-01  -0.832988E-01  -0.306111E+00  -0.397542E+00  -0.393509E+00  -0.156940E+00  -0.941559E-01  -0.102231E+00  -0.335260E+00  -0.338082E+00  -0.423093E+00  -0.423307E+00  -0.336308E+00  -0.356574E+00  -0.220449E+00  -0.345241E+00  -0.289403E+00  -0.423307E+00  -0.380287E+00  -0.370325E+00  -0.416030E+00   0.120898E+00  -0.346148E+00  -0.325901E+00  -0.338085E+00  -0.334391E+00  -0.341224E+00  -0.340398E+00  -0.313048E+00  -0.345647E+00  -0.347198E+00  -0.350180E+00  -0.346014E+00  -0.345558E+00  -0.358544E+00  -0.364873E+00  -0.361180E+00  -0.376206E+00  -0.378092E+00  -0.396055E+00  -0.404100E+00  -0.419008E+00  -0.422613E+00  -0.419540E+00  -0.417676E+00  -0.336860E+00
  0.637200E+06   0.102765E+00  -0.268333E+00  -0.297334E+00  -0.106799E-01  -0.285921E+00  -0.203460E+00  -0.166786E+00  -0.385990E+00   0.213386E-01  -0.980897E-01   0.272953E-01   0.108659E+00  -0.132082E+00  -0.512714E-01  -0.299222E+00  -0.102920E+00  -0.102911E+00  -0.293199E+00  -0.390143E+00  -0.395342E+00  -0.190139E+00  -0.161739E+00  -0.166051E+00  -0.395066E+00  -0.394741E+00  -0.342874E+00  -0.341028E+00  -0.366070E+00  -0.390615E+00  -0.226212E+00  -0.395200E+00  -0.329325E+00  -0.341028E+00  -0.378098E+00  -0.328002E+00  -0.359975E+00   0.473460E-01  -0.321897E+00  -0.386443E+00  -0.391105E+00  -0.388894E+00  -0.390624E+00  -0.384889E+00  -0.315841E+00  -0.395802E+00  -0.390378E+00  -0.380172E+00  -0.394038E+00  -0.395337E+00  -0.387474E+00  -0.383962E+00  -0.377530E+00  -0.380506E+00  -0.372641E+00  -0.370723E+00  -0.361414E+00  -0.344357E+00  -0.344403E+00  -0.315584E+00  -0.314313E+00  -0.393030E+00
  0.640800E+06   0.755746E-01  -0.430090E+00  -0.212839E+00  -0.159008E+00  -0.976106E-01   0.227446E-01   0.825500E-01  -0.486146E+00  -0.117434E+00  -0.229060E+00   0.278209E-01  -0.476228E-01  -0.109755E+00  -0.627024E-01  -0.112658E+00  -0.997661E-01  -0.998358E-01  -0.155012E+00  -0.255295E+00  -0.264696E+00  -0.164685E+00  -0.191314E+00  -0.189707E+00  -0.305653E+00  -0.295201E+00  -0.151933E+00  -0.150128E+00  -0.278681E+00  -0.260154E+00  -0.195512E+00  -0.283743E+00  -0.232017E+00  -0.150128E+00  -0.225197E+00  -0.158856E+00  -0.179529E+00   0.632517E-02  -0.244975E+00  -0.314611E+00  -0.290831E+00  -0.289037E+00  -0.289068E+00  -0.288155E+00  -0.304221E+00  -0.283097E+00  -0.279179E+00  -0.269160E+00  -0.281990E+00  -0.283938E+00  -0.258446E+00  -0.248608E+00  -0.249901E+00  -0.233533E+00  -0.226696E+00  -0.207812E+00  -0.193986E+00  -0.153968E+00  -0.153092E+00  -0.123943E+00  -0.124530E+00  -0.293684E+00
  0.644400E+06   0.383015E-01  -0.518597E+00  -0.102049E+00  -0.194916E+00   0.982120E-01   0.248264E+00   0.319134E+00  -0.489799E+00  -0.251434E+00  -0.336919E+00   0.283471E-01  -0.198176E+00  -0.246067E-01  -0.424234E-01   0.794876E-01  -0.430707E-01  -0.432697E-01   0.651268E-02  -0.684428E-01  -0.782170E-01  -0.266188E-01  -0.139098E+00  -0.131162E+00  -0.109476E+00  -0.111032E+00   0.427459E-01   0.453214E-01  -0.934958E-01  -0.855754E-01  -0.835464E-01  -0.104186E+00  -0.885861E-01   0.453214E-01  -0.434944E-01   0.144544E-01   0.111363E-01  -0.467939E-01  -0.573730E-01  -0.111136E+00  -0.110445E+00  -0.109111E+00  -0.104054E+00  -0.996649E-01  -0.108722E+00  -0.103616E+00  -0.984954E-01  -0.868654E-01  -0.102505E+00  -0.105525E+00  -0.823804E-01  -0.719643E-01  -0.713313E-01  -0.543566E-01  -0.459521E-01  -0.236890E-01  -0.510305E-02   0.373125E-01   0.398946E-01   0.759466E-01   0.750885E-01  -0.108971E+00
  0.648000E+06   0.330431E-02  -0.499342E+00   0.194800E-01  -0.135661E+00   0.288883E+00   0.417939E+00   0.484725E+00  -0.399114E+00  -0.350872E+00  -0.385499E+00   0.288495E-01  -0.321335E+00   0.713785E-01   0.358745E-01   0.262583E+00   0.580416E-01   0.579744E-01   0.162196E+00   0.149700E+00   0.135208E+00   0.878425E-01  -0.249080E-01  -0.713016E-02   0.101108E+00   0.109492E+00   0.253973E+00   0.255441E+00   0.116867E+00   0.129430E+00   0.132878E+00   0.115552E+00   0.107902E+00   0.255441E+00   0.175586E+00   0.205336E+00   0.219978E+00   0.848920E-01   0.103445E+00   0.929661E-01   0.103923E+00   0.102846E+00   0.111857E+00   0.112927E+00   0.113238E+00   0.115736E+00   0.119730E+00   0.128482E+00   0.117088E+00   0.114257E+00   0.135908E+00   0.145799E+00   0.145382E+00   0.162339E+00   0.170744E+00   0.191544E+00   0.208022E+00   0.248116E+00   0.250662E+00   0.280302E+00   0.279142E+00   0.105706E+00
  0.651600E+06  -0.316542E-01  -0.344132E+00   0.128142E+00  -0.849468E-01   0.425643E+00   0.493657E+00   0.539463E+00  -0.241742E+00  -0.395627E+00  -0.358960E+00   0.291604E-01  -0.406457E+00   0.143968E+00   0.872319E-01   0.402072E+00   0.124754E+00   0.124682E+00   0.315086E+00   0.357558E+00   0.338283E+00   0.180723E+00   0.102124E+00   0.126979E+00   0.288657E+00   0.294601E+00   0.411516E+00   0.412574E+00   0.297847E+00   0.311466E+00   0.315367E+00   0.299831E+00   0.303505E+00   0.412574E+00   0.347375E+00   0.358783E+00   0.384716E+00   0.328937E+00   0.273362E+00   0.281784E+00   0.286864E+00   0.287200E+00   0.297084E+00   0.298011E+00   0.297611E+00   0.300095E+00   0.303296E+00   0.309892E+00   0.301029E+00   0.299395E+00   0.316361E+00   0.324350E+00   0.323269E+00   0.336963E+00   0.343787E+00   0.360121E+00   0.373825E+00   0.406286E+00   0.408690E+00   0.426494E+00   0.424631E+00   0.291703E+00
  0.655200E+06  -0.658388E-01  -0.112055E+00   0.205034E+00  -0.529635E-01   0.450487E+00   0.450960E+00   0.469405E+00  -0.386783E-01  -0.348289E+00  -0.253732E+00   0.290799E-01  -0.418542E+00   0.192704E+00   0.122332E+00   0.439821E+00   0.173504E+00   0.173488E+00   0.408787E+00   0.486248E+00   0.475503E+00   0.254458E+00   0.219240E+00   0.244990E+00   0.425018E+00   0.430889E+00   0.472736E+00   0.472486E+00   0.416807E+00   0.441661E+00   0.441852E+00   0.434790E+00   0.437947E+00   0.472486E+00   0.452681E+00   0.426985E+00   0.466688E+00   0.446643E+00   0.388852E+00   0.417052E+00   0.422793E+00   0.423456E+00   0.429293E+00   0.426348E+00   0.434049E+00   0.435764E+00   0.433258E+00   0.431225E+00   0.434686E+00   0.435375E+00   0.440074E+00   0.442620E+00   0.438007E+00   0.448375E+00   0.447536E+00   0.457304E+00   0.458645E+00   0.470152E+00   0.471831E+00   0.468860E+00   0.466477E+00   0.427835E+00
  0.658800E+06  -0.964004E-01   0.991016E-01   0.239898E+00  -0.192246E-01   0.342811E+00   0.307300E+00   0.292629E+00   0.145179E+00  -0.236306E+00  -0.119005E+00   0.284253E-01  -0.336666E+00   0.209622E+00   0.142438E+00   0.362823E+00   0.196965E+00   0.197019E+00   0.364135E+00   0.463322E+00   0.448912E+00   0.279623E+00   0.302557E+00   0.322824E+00   0.458908E+00   0.457623E+00   0.405206E+00   0.403743E+00   0.427296E+00   0.450129E+00   0.445450E+00   0.455237E+00   0.453941E+00   0.403743E+00   0.432951E+00   0.375802E+00   0.420456E+00   0.439986E+00   0.376435E+00   0.451837E+00   0.454824E+00   0.454970E+00   0.451341E+00   0.445707E+00   0.456940E+00   0.456242E+00   0.449462E+00   0.439011E+00   0.453624E+00   0.454675E+00   0.444947E+00   0.440936E+00   0.435170E+00   0.437349E+00   0.429407E+00   0.427485E+00   0.418920E+00   0.405565E+00   0.406095E+00   0.382468E+00   0.380623E+00   0.456746E+00
  0.662400E+06  -0.111457E+00   0.260688E+00   0.209242E+00   0.712998E-01   0.150595E+00   0.937188E-01   0.549152E-01   0.296872E+00  -0.994462E-01   0.205365E-01   0.275376E-01  -0.211451E+00   0.181571E+00   0.141412E+00   0.193688E+00   0.181244E+00   0.181371E+00   0.227471E+00   0.317922E+00   0.318679E+00   0.225886E+00   0.303225E+00   0.306114E+00   0.343906E+00   0.333286E+00   0.230853E+00   0.228798E+00   0.317600E+00   0.310997E+00   0.306709E+00   0.326352E+00   0.320016E+00   0.228798E+00   0.277811E+00   0.229766E+00   0.250428E+00   0.293129E+00   0.261521E+00   0.346599E+00   0.337990E+00   0.338136E+00   0.329279E+00   0.327373E+00   0.328841E+00   0.325986E+00   0.321810E+00   0.312957E+00   0.324629E+00   0.324192E+00   0.307269E+00   0.299350E+00   0.299150E+00   0.287262E+00   0.281389E+00   0.268096E+00   0.258872E+00   0.232882E+00   0.232257E+00   0.205682E+00   0.205512E+00   0.336773E+00
  0.666000E+06  -0.862100E-01   0.361943E+00   0.995007E-01   0.227047E+00  -0.415746E-01  -0.127228E+00  -0.184863E+00   0.348606E+00   0.541282E-01   0.145774E+00   0.267861E-01  -0.500121E-01   0.106164E+00   0.111858E+00   0.172198E-01   0.119254E+00   0.119457E+00   0.830062E-01   0.126191E+00   0.135033E+00   0.101581E+00   0.238210E+00   0.226709E+00   0.165042E+00   0.159895E+00   0.536377E-01   0.512756E-01   0.146574E+00   0.143123E+00   0.141954E+00   0.155701E+00   0.150870E+00   0.512756E-01   0.104788E+00   0.586432E-01   0.703035E-01   0.162267E+00   0.861871E-01   0.168338E+00   0.162233E+00   0.163744E+00   0.156447E+00   0.153763E+00   0.158222E+00   0.155681E+00   0.150852E+00   0.141593E+00   0.154152E+00   0.154287E+00   0.137590E+00   0.128788E+00   0.128871E+00   0.112955E+00   0.109983E+00   0.947036E-01   0.813769E-01   0.545407E-01   0.552007E-01   0.262583E-01   0.259590E-01   0.162527E+00
  0.669600E+06  -0.455997E-01   0.383363E+00  -0.811449E-02   0.222119E+00  -0.217125E+00  -0.302558E+00  -0.366626E+00   0.309268E+00   0.178044E+00   0.227335E+00   0.261009E-01   0.104855E+00   0.102034E-01   0.486137E-01  -0.155526E+00   0.301788E-01   0.303341E-01  -0.492605E-01  -0.317955E-01  -0.255450E-01   0.100780E-01   0.139001E+00   0.124295E+00   0.945942E-02   0.283817E-02  -0.120899E+00  -0.123118E+00  -0.136466E-01  -0.184105E-01  -0.227662E-01  -0.410299E-02   0.105200E-01  -0.123118E+00  -0.518250E-01  -0.107218E+00  -0.100510E+00   0.101775E+00  -0.982333E-01   0.150813E-01   0.376088E-02   0.716919E-02  -0.163321E-02  -0.430899E-02  -0.411903E-03  -0.447622E-02  -0.913372E-02  -0.192862E-01  -0.578856E-02  -0.429753E-02  -0.249059E-01  -0.345200E-01  -0.342840E-01  -0.492685E-01  -0.558428E-01  -0.725934E-01  -0.903099E-01  -0.119927E+00  -0.119361E+00  -0.149035E+00  -0.149666E+00   0.627481E-02
  0.673200E+06  -0.160852E-02   0.307607E+00  -0.104366E+00   0.222509E+00  -0.334342E+00  -0.394668E+00  -0.449179E+00   0.181974E+00   0.249607E+00   0.241167E+00   0.256923E-01   0.228867E+00  -0.533906E-01   0.718036E-02  -0.289724E+00  -0.211828E-01  -0.209302E-01  -0.161627E+00  -0.183276E+00  -0.176082E+00  -0.559346E-01   0.467613E-01   0.395649E-01  -0.123005E+00  -0.131425E+00  -0.263456E+00  -0.264947E+00  -0.148651E+00  -0.152839E+00  -0.156438E+00  -0.139204E+00  -0.109713E+00  -0.264947E+00  -0.190753E+00  -0.235414E+00  -0.243515E+00   0.106372E+00  -0.221946E+00  -0.124060E+00  -0.130622E+00  -0.127132E+00  -0.138286E+00  -0.141515E+00  -0.133678E+00  -0.139027E+00  -0.145391E+00  -0.155584E+00  -0.141298E+00  -0.138699E+00  -0.160796E+00  -0.170422E+00  -0.170207E+00  -0.184713E+00  -0.192616E+00  -0.211341E+00  -0.231223E+00  -0.261616E+00  -0.262376E+00  -0.287998E+00  -0.288164E+00  -0.129625E+00
  0.676800E+06   0.455456E-01   0.143077E+00  -0.161477E+00   0.208683E+00  -0.362722E+00  -0.374259E+00  -0.410098E+00   0.161134E-01   0.249628E+00   0.181303E+00   0.256646E-01   0.298088E+00  -0.902573E-01  -0.140918E-01  -0.346880E+00  -0.539383E-01  -0.537322E-01  -0.241771E+00  -0.304021E+00  -0.298400E+00  -0.108628E+00  -0.381385E-01  -0.434341E-01  -0.237981E+00  -0.248105E+00  -0.350080E+00  -0.350982E+00  -0.259964E+00  -0.265403E+00  -0.200325E+00  -0.255076E+00  -0.211481E+00  -0.350982E+00  -0.298099E+00  -0.311842E+00  -0.340118E+00   0.104776E+00  -0.283125E+00  -0.242489E+00  -0.248096E+00  -0.242975E+00  -0.254618E+00  -0.257214E+00  -0.247743E+00  -0.254137E+00  -0.260325E+00  -0.268110E+00  -0.256818E+00  -0.253299E+00  -0.272820E+00  -0.280679E+00  -0.279621E+00  -0.292133E+00  -0.297738E+00  -0.313772E+00  -0.329145E+00  -0.347428E+00  -0.349614E+00  -0.358698E+00  -0.358323E+00  -0.247422E+00
  0.680400E+06   0.885474E-01  -0.347754E-01  -0.163721E+00   0.129028E+00  -0.287954E+00  -0.252820E+00  -0.261951E+00  -0.132462E+00   0.175629E+00   0.850526E-01   0.260760E-01   0.270754E+00  -0.108370E+00  -0.304465E-01  -0.297799E+00  -0.759068E-01  -0.757653E-01  -0.263579E+00  -0.352937E+00  -0.352392E+00  -0.147492E+00  -0.110716E+00  -0.114719E+00  -0.332864E+00  -0.330846E+00  -0.333364E+00  -0.332244E+00  -0.322788E+00  -0.332045E+00  -0.213404E+00  -0.332205E+00  -0.272816E+00  -0.332244E+00  -0.338270E+00  -0.311748E+00  -0.345749E+00   0.559411E-01  -0.289791E+00  -0.328666E+00  -0.339114E+00  -0.334340E+00  -0.332788E+00  -0.332067E+00  -0.311794E+00  -0.330886E+00  -0.333699E+00  -0.332453E+00  -0.332786E+00  -0.329028E+00  -0.335321E+00  -0.336413E+00  -0.333740E+00  -0.337568E+00  -0.336528E+00  -0.340584E+00  -0.342008E+00  -0.333821E+00  -0.334746E+00  -0.317971E+00  -0.317215E+00  -0.331191E+00
  0.684000E+06   0.109666E+00  -0.173710E+00  -0.111351E+00   0.887617E-02  -0.127288E+00  -0.615949E-01  -0.444053E-01  -0.230509E+00   0.804198E-01  -0.121467E-01   0.269227E-01   0.159864E+00  -0.971819E-01  -0.419549E-01  -0.141771E+00  -0.803987E-01  -0.803757E-01  -0.172909E+00  -0.258296E+00  -0.263414E+00  -0.147414E+00  -0.157306E+00  -0.157449E+00  -0.321662E+00  -0.313764E+00  -0.174166E+00  -0.172147E+00  -0.282372E+00  -0.275421E+00  -0.198321E+00  -0.301544E+00  -0.240420E+00  -0.172147E+00  -0.237391E+00  -0.180617E+00  -0.201590E+00   0.336183E-01  -0.255145E+00  -0.323926E+00  -0.322850E+00  -0.318236E+00  -0.305163E+00  -0.301054E+00  -0.311134E+00  -0.300910E+00  -0.295305E+00  -0.282276E+00  -0.299236E+00  -0.298991E+00  -0.274421E+00  -0.264102E+00  -0.264647E+00  -0.246680E+00  -0.240884E+00  -0.221636E+00  -0.214334E+00  -0.177025E+00  -0.175987E+00  -0.150771E+00  -0.151544E+00  -0.314366E+00
  0.687600E+06   0.887662E-01  -0.260035E+00   0.528095E-02  -0.771736E-01   0.567409E-01   0.151848E+00   0.183611E+00  -0.245153E+00  -0.322618E-01  -0.100417E+00   0.276598E-01   0.188614E-01  -0.329029E-01  -0.322350E-01   0.445042E-01  -0.431151E-01  -0.432375E-01  -0.173553E-01  -0.935820E-01  -0.101702E+00  -0.423727E-01  -0.136673E+00  -0.129745E+00  -0.151023E+00  -0.145596E+00  -0.508932E-02  -0.227109E-02  -0.134025E+00  -0.117815E+00  -0.114004E+00  -0.137194E+00  -0.112712E+00  -0.227109E-02  -0.806772E-01  -0.194771E-01  -0.346363E-01  -0.877608E-02  -0.103280E+00  -0.156269E+00  -0.147628E+00  -0.145883E+00  -0.140755E+00  -0.139161E+00  -0.141439E+00  -0.136463E+00  -0.133236E+00  -0.124266E+00  -0.135711E+00  -0.136857E+00  -0.115799E+00  -0.106352E+00  -0.107470E+00  -0.902083E-01  -0.836281E-01  -0.626549E-01  -0.483793E-01  -0.912145E-02  -0.788338E-02   0.271262E-01   0.261648E-01  -0.145989E+00
  0.691200E+06   0.530072E-01  -0.266746E+00   0.119549E+00  -0.365905E-01   0.232739E+00   0.323035E+00   0.361859E+00  -0.178407E+00  -0.125672E+00  -0.150770E+00   0.283938E-01  -0.104095E+00   0.638747E-01   0.344531E-01   0.212330E+00   0.538386E-01   0.537907E-01   0.124879E+00   0.100075E+00   0.932867E-01   0.790911E-01  -0.490091E-01  -0.338708E-01   0.493939E-01   0.547461E-01   0.189783E+00   0.192375E+00   0.675303E-01   0.761111E-01   0.807732E-01   0.615606E-01   0.441695E-01   0.192375E+00   0.117796E+00   0.148348E+00   0.158884E+00  -0.639976E-01   0.676346E-01   0.450726E-01   0.506670E-01   0.503506E-01   0.597600E-01   0.619984E-01   0.575313E-01   0.609007E-01   0.665065E-01   0.754413E-01   0.633898E-01   0.613848E-01   0.812248E-01   0.904478E-01   0.902226E-01   0.106632E+00   0.113326E+00   0.131144E+00   0.147565E+00   0.184020E+00   0.186296E+00   0.217330E+00   0.216262E+00   0.529357E-01
  0.694800E+06   0.211702E-01  -0.174628E+00   0.222797E+00   0.125061E-01   0.375666E+00   0.417044E+00   0.442624E+00  -0.502154E-01  -0.167937E+00  -0.137350E+00   0.286076E-01  -0.184250E+00   0.139886E+00   0.930993E-01   0.355318E+00   0.124021E+00   0.123949E+00   0.262336E+00   0.291079E+00   0.284110E+00   0.164738E+00   0.736229E-01   0.967654E-01   0.229716E+00   0.237783E+00   0.357229E+00   0.359578E+00   0.245517E+00   0.257327E+00   0.262226E+00   0.244474E+00   0.249188E+00   0.359578E+00   0.293926E+00   0.306735E+00   0.327838E+00   0.268263E+00   0.222150E+00   0.223938E+00   0.230480E+00   0.230734E+00   0.241270E+00   0.242428E+00   0.240346E+00   0.243965E+00   0.248506E+00   0.255701E+00   0.246158E+00   0.245342E+00   0.262534E+00   0.270651E+00   0.269640E+00   0.283726E+00   0.290291E+00   0.305589E+00   0.318857E+00   0.351392E+00   0.353590E+00   0.372918E+00   0.371667E+00   0.234644E+00
  0.698400E+06  -0.878002E-02   0.885527E-02   0.289824E+00   0.365871E-01   0.417406E+00   0.403718E+00   0.402905E+00   0.116197E+00  -0.138544E+00  -0.594131E-01   0.284523E-01  -0.202547E+00   0.189152E+00   0.128638E+00   0.407118E+00   0.172213E+00   0.172184E+00   0.370384E+00   0.426511E+00   0.424124E+00   0.237976E+00   0.185604E+00   0.208826E+00   0.366978E+00   0.371929E+00   0.429043E+00   0.429657E+00   0.369774E+00   0.384364E+00   0.386439E+00   0.376557E+00   0.379773E+00   0.429657E+00   0.401983E+00   0.384757E+00   0.418957E+00   0.392785E+00   0.340289E+00   0.362370E+00   0.365091E+00   0.365560E+00   0.373615E+00   0.373135E+00   0.374615E+00   0.376759E+00   0.377802E+00   0.379566E+00   0.377268E+00   0.377147E+00   0.385751E+00   0.389656E+00   0.386996E+00   0.396432E+00   0.397859E+00   0.407983E+00   0.411505E+00   0.426028E+00   0.427687E+00   0.430302E+00   0.427869E+00   0.369946E+00
  0.702000E+06  -0.343976E-01   0.200211E+00   0.312414E+00   0.610315E-01   0.324871E+00   0.280280E+00   0.251115E+00   0.282896E+00  -0.486288E-01   0.513107E-01   0.278201E-01  -0.137613E+00   0.206500E+00   0.147932E+00   0.345762E+00   0.195171E+00   0.195210E+00   0.338325E+00   0.420893E+00   0.422851E+00   0.266274E+00   0.269372E+00   0.288389E+00   0.415185E+00   0.415389E+00   0.379816E+00   0.378997E+00   0.394321E+00   0.413178E+00   0.410152E+00   0.415290E+00   0.414956E+00   0.378997E+00   0.401387E+00   0.350547E+00   0.391692E+00   0.405913E+00   0.351965E+00   0.409691E+00   0.411562E+00   0.411954E+00   0.412376E+00   0.408197E+00   0.415599E+00   0.415667E+00   0.411810E+00   0.404032E+00   0.414507E+00   0.415157E+00   0.409491E+00   0.406736E+00   0.401835E+00   0.404342E+00   0.398167E+00   0.397171E+00   0.390352E+00   0.379692E+00   0.380278E+00   0.361054E+00   0.359505E+00   0.414623E+00
  0.705600E+06  -0.394829E-01   0.339480E+00   0.256776E+00   0.138027E+00   0.138784E+00   0.747029E-01   0.249791E-01   0.388304E+00   0.707660E-01   0.167310E+00   0.271103E-01  -0.227844E-01   0.181311E+00   0.146353E+00   0.186863E+00   0.181369E+00   0.181481E+00   0.215860E+00   0.282329E+00   0.291402E+00   0.219656E+00   0.280399E+00   0.282816E+00   0.315974E+00   0.304879E+00   0.212578E+00   0.211065E+00   0.298220E+00   0.284627E+00   0.282143E+00   0.298969E+00   0.292331E+00   0.211065E+00   0.253909E+00   0.210996E+00   0.229395E+00   0.275635E+00   0.240656E+00   0.320790E+00   0.309500E+00   0.309686E+00   0.303819E+00   0.303594E+00   0.300427E+00   0.297757E+00   0.296615E+00   0.290091E+00   0.297983E+00   0.296739E+00   0.282722E+00   0.275527E+00   0.276516E+00   0.262960E+00   0.259179E+00   0.245664E+00   0.238509E+00   0.214137E+00   0.213613E+00   0.191022E+00   0.190932E+00   0.309061E+00
  0.709200E+06  -0.622309E-02   0.410888E+00   0.108703E+00   0.259648E+00  -0.624570E-01  -0.153710E+00  -0.218211E+00   0.405835E+00   0.201608E+00   0.266118E+00   0.265307E-01   0.123238E+00   0.104439E+00   0.116000E+00   0.247862E-02   0.118470E+00   0.118660E+00   0.679927E-01   0.119563E+00   0.125803E+00   0.968637E-01   0.220955E+00   0.210093E+00   0.135170E+00   0.133309E+00   0.298808E-01   0.279296E-01   0.132143E+00   0.119383E+00   0.117081E+00   0.130239E+00   0.124910E+00   0.279296E-01   0.845745E-01   0.353742E-01   0.469050E-01   0.153825E+00   0.646266E-01   0.146497E+00   0.135542E+00   0.137210E+00   0.133569E+00   0.133230E+00   0.131320E+00   0.129277E+00   0.127811E+00   0.121373E+00   0.129485E+00   0.128865E+00   0.114685E+00   0.106054E+00   0.107775E+00   0.916344E-01   0.876405E-01   0.709096E-01   0.596303E-01   0.305650E-01   0.313239E-01   0.472626E-02   0.524274E-02   0.136988E+00
  0.712800E+06   0.374010E-01   0.400456E+00  -0.347620E-01   0.225228E+00  -0.253888E+00  -0.352685E+00  -0.416069E+00   0.323894E+00   0.297649E+00   0.313991E+00   0.260482E-01   0.256800E+00   0.830032E-02   0.521368E-01  -0.183824E+00   0.297589E-01   0.298364E-01  -0.699795E-01  -0.509213E-01  -0.434311E-01   0.420242E-02   0.124694E+00   0.110240E+00  -0.199542E-01  -0.285694E-01  -0.156793E+00  -0.158930E+00  -0.285053E-01  -0.508877E-01  -0.539059E-01  -0.339598E-01  -0.175780E-01  -0.158930E+00  -0.829599E-01  -0.140409E+00  -0.134406E+00   0.993873E-01  -0.132123E+00  -0.975759E-02  -0.268627E-01  -0.230170E-01  -0.282870E-01  -0.275212E-01  -0.316827E-01  -0.363026E-01  -0.364455E-01  -0.428713E-01  -0.349981E-01  -0.358943E-01  -0.532610E-01  -0.625828E-01  -0.596529E-01  -0.795094E-01  -0.835684E-01  -0.104801E+00  -0.120519E+00  -0.156020E+00  -0.155275E+00  -0.183080E+00  -0.182500E+00  -0.233576E-01
  0.716400E+06   0.833665E-01   0.292457E+00  -0.177369E+00   0.215137E+00  -0.396247E+00  -0.467916E+00  -0.516935E+00   0.159875E+00   0.330447E+00   0.283662E+00   0.257480E-01   0.350230E+00  -0.565652E-01   0.123967E-01  -0.339689E+00  -0.224234E-01  -0.222528E-01  -0.189109E+00  -0.211541E+00  -0.203464E+00  -0.661836E-01   0.297591E-01   0.235626E-01  -0.156888E+00  -0.168385E+00  -0.318079E+00  -0.319924E+00  -0.172174E+00  -0.193224E+00  -0.184779E+00  -0.176091E+00  -0.142842E+00  -0.319924E+00  -0.232388E+00  -0.278335E+00  -0.291549E+00   0.770961E-01  -0.261688E+00  -0.153101E+00  -0.167372E+00  -0.163090E+00  -0.171030E+00  -0.171388E+00  -0.174172E+00  -0.178798E+00  -0.179239E+00  -0.187008E+00  -0.176984E+00  -0.176642E+00  -0.196710E+00  -0.206921E+00  -0.204336E+00  -0.226008E+00  -0.230670E+00  -0.255568E+00  -0.274802E+00  -0.315125E+00  -0.316515E+00  -0.341906E+00  -0.340950E+00  -0.164745E+00
  0.720000E+06   0.129464E+00   0.862551E-01  -0.283787E+00   0.175472E+00  -0.454233E+00  -0.470266E+00  -0.492572E+00  -0.533815E-01   0.276117E+00   0.179171E+00   0.259077E-01   0.360912E+00  -0.992242E-01  -0.111419E-01  -0.426854E+00  -0.595355E-01  -0.594151E-01  -0.287031E+00  -0.348361E+00  -0.340936E+00  -0.125019E+00  -0.552404E-01  -0.623956E-01  -0.297841E+00  -0.296084E+00  -0.428338E+00  -0.429478E+00  -0.296024E+00  -0.318483E+00  -0.211767E+00  -0.303894E+00  -0.254773E+00  -0.429478E+00  -0.357085E+00  -0.364342E+00  -0.410045E+00   0.122589E+00  -0.357053E+00  -0.281229E+00  -0.315526E+00  -0.309697E+00  -0.298749E+00  -0.298370E+00  -0.299210E+00  -0.306409E+00  -0.306458E+00  -0.312263E+00  -0.304563E+00  -0.306260E+00  -0.322816E+00  -0.332056E+00  -0.328247E+00  -0.347826E+00  -0.352747E+00  -0.376429E+00  -0.393484E+00  -0.422515E+00  -0.427136E+00  -0.440898E+00  -0.439382E+00  -0.295356E+00
  0.723600E+06   0.159819E+00  -0.144644E+00  -0.332870E+00   0.658952E-01  -0.405196E+00  -0.356697E+00  -0.346084E+00  -0.266665E+00   0.167311E+00   0.419868E-01   0.265363E-01   0.265680E+00  -0.126982E+00  -0.319231E-01  -0.410029E+00  -0.888686E-01  -0.888112E-01  -0.335811E+00  -0.433089E+00  -0.428750E+00  -0.176271E+00  -0.134004E+00  -0.138656E+00  -0.394418E+00  -0.396062E+00  -0.453455E+00  -0.452970E+00  -0.384254E+00  -0.409508E+00  -0.230385E+00  -0.401701E+00  -0.336611E+00  -0.452970E+00  -0.429718E+00  -0.394118E+00  -0.454055E+00   0.743404E-01  -0.376444E+00  -0.383328E+00  -0.390084E+00  -0.388429E+00  -0.396080E+00  -0.393675E+00  -0.314668E+00  -0.402924E+00  -0.400917E+00  -0.400459E+00  -0.401546E+00  -0.401853E+00  -0.410824E+00  -0.415315E+00  -0.409542E+00  -0.424583E+00  -0.423399E+00  -0.439536E+00  -0.442910E+00  -0.449271E+00  -0.453698E+00  -0.440061E+00  -0.437946E+00  -0.393882E+00
  0.727200E+06   0.146353E+00  -0.351129E+00  -0.316892E+00  -0.976023E-01  -0.258211E+00  -0.155225E+00  -0.111368E+00  -0.435990E+00   0.239041E-01  -0.107743E+00   0.271610E-01   0.107002E+00  -0.132445E+00  -0.514514E-01  -0.273471E+00  -0.105552E+00  -0.105569E+00  -0.287962E+00  -0.379174E+00  -0.391715E+00  -0.201910E+00  -0.191455E+00  -0.194176E+00  -0.431631E+00  -0.431298E+00  -0.316021E+00  -0.314059E+00  -0.384568E+00  -0.410394E+00  -0.228353E+00  -0.426020E+00  -0.353581E+00  -0.314059E+00  -0.375733E+00  -0.310322E+00  -0.342127E+00   0.682061E-01  -0.341808E+00  -0.423323E+00  -0.424239E+00  -0.423860E+00  -0.420149E+00  -0.411179E+00  -0.308988E+00  -0.427414E+00  -0.415870E+00  -0.398496E+00  -0.423092E+00  -0.425800E+00  -0.403738E+00  -0.394953E+00  -0.388554E+00  -0.382701E+00  -0.372298E+00  -0.360862E+00  -0.348629E+00  -0.318509E+00  -0.317845E+00  -0.286813E+00  -0.286405E+00  -0.428731E+00
  0.730800E+06   0.105500E+00  -0.501030E+00  -0.211808E+00  -0.226458E+00  -0.513742E-01   0.893451E-01   0.155624E+00  -0.514257E+00  -0.132812E+00  -0.251960E+00   0.277271E-01  -0.638181E-01  -0.967532E-01  -0.588931E-01  -0.651694E-01  -0.931523E-01  -0.932644E-01  -0.121324E+00  -0.226072E+00  -0.234810E+00  -0.147466E+00  -0.204010E+00  -0.198571E+00  -0.290642E+00  -0.281666E+00  -0.121313E+00  -0.118893E+00  -0.264251E+00  -0.246601E+00  -0.190877E+00  -0.271130E+00  -0.220689E+00  -0.118893E+00  -0.206791E+00  -0.129532E+00  -0.153910E+00   0.208635E-01  -0.225437E+00  -0.299300E+00  -0.277787E+00  -0.275838E+00  -0.275132E+00  -0.273733E+00  -0.296527E+00  -0.270604E+00  -0.265443E+00  -0.254299E+00  -0.268858E+00  -0.271465E+00  -0.243985E+00  -0.233132E+00  -0.234002E+00  -0.216515E+00  -0.208082E+00  -0.186773E+00  -0.169026E+00  -0.124148E+00  -0.123182E+00  -0.859618E-01  -0.866092E-01  -0.279754E+00
  0.734400E+06   0.662431E-01  -0.563868E+00  -0.993008E-01  -0.216179E+00   0.150886E+00   0.308912E+00   0.391010E+00  -0.491791E+00  -0.268519E+00  -0.355170E+00   0.282924E-01  -0.213841E+00   0.283875E-02  -0.242374E-01   0.130108E+00  -0.163786E-01  -0.165923E-01   0.408477E-01  -0.220744E-01  -0.299536E-01   0.616359E-02  -0.132002E+00  -0.121415E+00  -0.792614E-01  -0.800576E-01   0.916139E-01   0.945379E-01  -0.581956E-01  -0.541200E-01  -0.500677E-01  -0.720553E-01  -0.639523E-01   0.945379E-01  -0.459690E-02   0.554402E-01   0.556021E-01  -0.383224E-01  -0.239633E-01  -0.816731E-01  -0.811357E-01  -0.802317E-01  -0.714818E-01  -0.666864E-01  -0.769939E-01  -0.723298E-01  -0.653324E-01  -0.522842E-01  -0.699590E-01  -0.733867E-01  -0.482407E-01  -0.366197E-01  -0.354594E-01  -0.169276E-01  -0.721822E-02   0.168887E-01   0.379564E-01   0.861563E-01   0.884967E-01   0.127654E+00   0.126559E+00  -0.782966E-01
  0.738000E+06   0.277939E-01  -0.500530E+00   0.185526E-01  -0.154380E+00   0.341262E+00   0.465176E+00   0.538138E+00  -0.382735E+00  -0.367926E+00  -0.395518E+00   0.287697E-01  -0.339529E+00   0.953516E-01   0.559285E-01   0.315188E+00   0.799033E-01   0.798260E-01   0.202699E+00   0.201212E+00   0.193099E+00   0.113238E+00  -0.650411E-02   0.139722E-01   0.137785E+00   0.145881E+00   0.304248E+00   0.306126E+00   0.158609E+00   0.170441E+00   0.176977E+00   0.153341E+00   0.160044E+00   0.306126E+00   0.218948E+00   0.251824E+00   0.267346E+00   0.186391E+00   0.138311E+00   0.129452E+00   0.138598E+00   0.138965E+00   0.150420E+00   0.152386E+00   0.151187E+00   0.153880E+00   0.158923E+00   0.169541E+00   0.155320E+00   0.155684E+00   0.176562E+00   0.187394E+00   0.187470E+00   0.204049E+00   0.214625E+00   0.236260E+00   0.254755E+00   0.298143E+00   0.300908E+00   0.331265E+00   0.330144E+00   0.142635E+00
  0.741600E+06  -0.106882E-01  -0.306896E+00   0.116996E+00  -0.107906E+00   0.456700E+00   0.515750E+00   0.562081E+00  -0.205390E+00  -0.403753E+00  -0.356204E+00   0.289934E-01  -0.419883E+00   0.165554E+00   0.104218E+00   0.436109E+00   0.145232E+00   0.145167E+00   0.361451E+00   0.398982E+00   0.393032E+00   0.207626E+00   0.122990E+00   0.149520E+00   0.323486E+00   0.327203E+00   0.442745E+00   0.443541E+00   0.336374E+00   0.346875E+00   0.351040E+00   0.335705E+00   0.339270E+00   0.443541E+00   0.382404E+00   0.389728E+00   0.417782E+00   0.364189E+00   0.304854E+00   0.318329E+00   0.320318E+00   0.321259E+00   0.333779E+00   0.335099E+00   0.332663E+00   0.335448E+00   0.339921E+00   0.346690E+00   0.337298E+00   0.335454E+00   0.352482E+00   0.360261E+00   0.359439E+00   0.372188E+00   0.378998E+00   0.394807E+00   0.407070E+00   0.437872E+00   0.440284E+00   0.457575E+00   0.455327E+00   0.326952E+00
  0.745200E+06  -0.477885E-01  -0.727382E-01   0.180852E+00  -0.770027E-01   0.445657E+00   0.443614E+00   0.458623E+00  -0.754764E-03  -0.339827E+00  -0.241384E+00   0.287920E-01  -0.417517E+00   0.209107E+00   0.137778E+00   0.442422E+00   0.190407E+00   0.190385E+00   0.413244E+00   0.501841E+00   0.503043E+00   0.273563E+00   0.237186E+00   0.263788E+00   0.443457E+00   0.447798E+00   0.473591E+00   0.473544E+00   0.434679E+00   0.457786E+00   0.457708E+00   0.451759E+00   0.454564E+00   0.473544E+00   0.463210E+00   0.429469E+00   0.471446E+00   0.460029E+00   0.404377E+00   0.436265E+00   0.440227E+00   0.441006E+00   0.447553E+00   0.444740E+00   0.450531E+00   0.452334E+00   0.450798E+00   0.448010E+00   0.451903E+00   0.452346E+00   0.456046E+00   0.457438E+00   0.452851E+00   0.460882E+00   0.459014E+00   0.465739E+00   0.465156E+00   0.471213E+00   0.472803E+00   0.465597E+00   0.463396E+00   0.445716E+00
  0.748800E+06  -0.801067E-01   0.121065E+00   0.202311E+00  -0.371252E-01   0.302815E+00   0.276122E+00   0.255129E+00   0.169770E+00  -0.224670E+00  -0.105339E+00   0.280392E-01  -0.326817E+00   0.215602E+00   0.153435E+00   0.332284E+00   0.205402E+00   0.205454E+00   0.334241E+00   0.423384E+00   0.429881E+00   0.279635E+00   0.306716E+00   0.323608E+00   0.439339E+00   0.435355E+00   0.361846E+00   0.360730E+00   0.409194E+00   0.421334E+00   0.416078E+00   0.431218E+00   0.427845E+00   0.360730E+00   0.395624E+00   0.338080E+00   0.378880E+00   0.406202E+00   0.347898E+00   0.435075E+00   0.434478E+00   0.434649E+00   0.430211E+00   0.425809E+00   0.432842E+00   0.431481E+00   0.426139E+00   0.415842E+00   0.429662E+00   0.429801E+00   0.417177E+00   0.411366E+00   0.407873E+00   0.403122E+00   0.396427E+00   0.388745E+00   0.381729E+00   0.362312E+00   0.362587E+00   0.340724E+00   0.339735E+00   0.436001E+00
  0.752400E+06  -0.936738E-01   0.268378E+00   0.139855E+00   0.860692E-01   0.103986E+00   0.487451E-01   0.289759E-02   0.292220E+00  -0.861991E-01   0.277467E-01   0.271844E-01  -0.197039E+00   0.173886E+00   0.145080E+00   0.152914E+00   0.176528E+00   0.176638E+00   0.188600E+00   0.264792E+00   0.272807E+00   0.198938E+00   0.283700E+00   0.283553E+00   0.288555E+00   0.280264E+00   0.184273E+00   0.182242E+00   0.273062E+00   0.262359E+00   0.259740E+00   0.276011E+00   0.270122E+00   0.182242E+00   0.230257E+00   0.189551E+00   0.201310E+00   0.253008E+00   0.216144E+00   0.294396E+00   0.285867E+00   0.285991E+00   0.279237E+00   0.278561E+00   0.277731E+00   0.275419E+00   0.272803E+00   0.265811E+00   0.274816E+00   0.274245E+00   0.259462E+00   0.251991E+00   0.252607E+00   0.239545E+00   0.235114E+00   0.219984E+00   0.211452E+00   0.186136E+00   0.185449E+00   0.158997E+00   0.159400E+00   0.284523E+00
  0.756000E+06  -0.669059E-01   0.350805E+00   0.407438E-01   0.213566E+00  -0.871324E-01  -0.170720E+00  -0.234794E+00   0.318137E+00   0.608548E-01   0.141179E+00   0.265014E-01  -0.355352E-01   0.857025E-01   0.104664E+00  -0.248871E-01   0.994925E-01   0.996478E-01   0.458629E-01   0.959973E-01   0.103263E+00   0.737945E-01   0.206593E+00   0.192930E+00   0.111611E+00   0.106308E+00  -0.356964E-03  -0.246131E-02   0.101987E+00   0.906254E-01   0.875025E-01   0.102888E+00   0.999648E-01  -0.246131E-02   0.591031E-01   0.587630E-02   0.171857E-01   0.140988E+00   0.370244E-01   0.118461E+00   0.108179E+00   0.110217E+00   0.105704E+00   0.105119E+00   0.103223E+00   0.102627E+00   0.998390E-01   0.927188E-01   0.101866E+00   0.103444E+00   0.863749E-01   0.777768E-01   0.789310E-01   0.640432E-01   0.590023E-01   0.418308E-01   0.289290E-01  -0.214660E-03   0.901562E-03  -0.238774E-01  -0.234300E-01   0.109568E+00
  0.759600E+06  -0.264799E-01   0.348240E+00  -0.570638E-01   0.193751E+00  -0.252207E+00  -0.333015E+00  -0.400027E+00   0.261384E+00   0.171618E+00   0.208120E+00   0.258515E-01   0.110080E+00  -0.357696E-02   0.416109E-01  -0.192787E+00   0.190055E-01   0.191013E-01  -0.846543E-01  -0.698679E-01  -0.616728E-01  -0.688020E-02   0.105534E+00   0.947327E-01  -0.393090E-01  -0.453667E-01  -0.173419E+00  -0.175195E+00  -0.502942E-01  -0.664194E-01  -0.686204E-01  -0.505444E-01  -0.327549E-01  -0.175195E+00  -0.100633E+00  -0.156387E+00  -0.153529E+00   0.926127E-01  -0.142903E+00  -0.315749E-01  -0.444945E-01  -0.403826E-01  -0.467588E-01  -0.474122E-01  -0.477810E-01  -0.513498E-01  -0.543171E-01  -0.617132E-01  -0.520410E-01  -0.478009E-01  -0.709155E-01  -0.801000E-01  -0.776577E-01  -0.963730E-01  -0.101057E+00  -0.122670E+00  -0.138427E+00  -0.173191E+00  -0.172429E+00  -0.196212E+00  -0.195434E+00  -0.410814E-01
  0.763200E+06   0.163746E-01   0.253675E+00  -0.132285E+00   0.203212E+00  -0.347145E+00  -0.395206E+00  -0.452794E+00   0.134526E+00   0.228641E+00   0.209133E+00   0.253758E-01   0.222748E+00  -0.573809E-01   0.899764E-02  -0.309048E+00  -0.248527E-01  -0.247050E-01  -0.188296E+00  -0.216002E+00  -0.207978E+00  -0.702442E-01   0.136622E-01   0.101869E-01  -0.171310E+00  -0.179079E+00  -0.305164E+00  -0.306279E+00  -0.183439E+00  -0.198198E+00  -0.186539E+00  -0.184732E+00  -0.149771E+00  -0.306279E+00  -0.235530E+00  -0.271802E+00  -0.288817E+00   0.108683E+00  -0.246349E+00  -0.168866E+00  -0.179334E+00  -0.174822E+00  -0.182044E+00  -0.182985E+00  -0.181271E+00  -0.187822E+00  -0.188359E+00  -0.195545E+00  -0.185650E+00  -0.184984E+00  -0.203082E+00  -0.212283E+00  -0.209952E+00  -0.227678E+00  -0.232807E+00  -0.255329E+00  -0.271850E+00  -0.303872E+00  -0.304752E+00  -0.319897E+00  -0.318765E+00  -0.176534E+00
  0.766800E+06   0.608223E-01   0.931614E-01  -0.156660E+00   0.175885E+00  -0.344093E+00  -0.347082E+00  -0.382803E+00  -0.492384E-02   0.216579E+00   0.149011E+00   0.252546E-01   0.275779E+00  -0.885513E-01  -0.936299E-02  -0.336786E+00  -0.541137E-01  -0.540240E-01  -0.257926E+00  -0.321972E+00  -0.316626E+00  -0.119364E+00  -0.697802E-01  -0.724305E-01  -0.294664E+00  -0.293318E+00  -0.367353E+00  -0.367109E+00  -0.287557E+00  -0.302559E+00  -0.208765E+00  -0.297050E+00  -0.245796E+00  -0.367109E+00  -0.329905E+00  -0.329202E+00  -0.367663E+00   0.848955E-01  -0.297995E+00  -0.285852E+00  -0.315545E+00  -0.309039E+00  -0.294319E+00  -0.293659E+00  -0.291265E+00  -0.299011E+00  -0.298242E+00  -0.300410E+00  -0.297260E+00  -0.294749E+00  -0.307221E+00  -0.312864E+00  -0.309633E+00  -0.323496E+00  -0.325030E+00  -0.343176E+00  -0.352037E+00  -0.366541E+00  -0.368281E+00  -0.362386E+00  -0.360873E+00  -0.293982E+00
  0.770400E+06   0.975503E-01  -0.487917E-01  -0.131181E+00   0.858788E-01  -0.240987E+00  -0.201131E+00  -0.211651E+00  -0.115167E+00   0.148873E+00   0.696287E-01   0.258026E-01   0.237701E+00  -0.992011E-01  -0.240808E-01  -0.255852E+00  -0.717187E-01  -0.717173E-01  -0.254674E+00  -0.332351E+00  -0.335161E+00  -0.151100E+00  -0.138024E+00  -0.138303E+00  -0.368169E+00  -0.362395E+00  -0.312281E+00  -0.309836E+00  -0.329498E+00  -0.352956E+00  -0.217945E+00  -0.360176E+00  -0.298597E+00  -0.309836E+00  -0.344228E+00  -0.300306E+00  -0.334481E+00   0.988275E-01  -0.289710E+00  -0.357775E+00  -0.360199E+00  -0.357023E+00  -0.356554E+00  -0.350856E+00  -0.326029E+00  -0.361730E+00  -0.354909E+00  -0.344370E+00  -0.358512E+00  -0.359578E+00  -0.351043E+00  -0.347796E+00  -0.341433E+00  -0.345872E+00  -0.337555E+00  -0.339964E+00  -0.330189E+00  -0.315498E+00  -0.314957E+00  -0.282710E+00  -0.280925E+00  -0.361637E+00
  0.774000E+06   0.107788E+00  -0.150748E+00  -0.433249E-01  -0.250920E-01  -0.653748E-01   0.315505E-02   0.140266E-01  -0.166058E+00   0.665277E-01  -0.404370E-02   0.264749E-01   0.132040E+00  -0.763987E-01  -0.323683E-01  -0.792283E-01  -0.677279E-01  -0.678318E-01  -0.135041E+00  -0.207423E+00  -0.211952E+00  -0.131818E+00  -0.169408E+00  -0.164341E+00  -0.315448E+00  -0.293772E+00  -0.137236E+00  -0.134577E+00  -0.260314E+00  -0.248346E+00  -0.193238E+00  -0.277119E+00  -0.223096E+00  -0.134577E+00  -0.209668E+00  -0.146030E+00  -0.169161E+00   0.222318E-01  -0.228022E+00  -0.312315E+00  -0.295104E+00  -0.292871E+00  -0.282448E+00  -0.278952E+00  -0.300003E+00  -0.277079E+00  -0.269753E+00  -0.256183E+00  -0.274057E+00  -0.274515E+00  -0.245869E+00  -0.234821E+00  -0.235564E+00  -0.218427E+00  -0.210527E+00  -0.193344E+00  -0.179921E+00  -0.141107E+00  -0.139699E+00  -0.105189E+00  -0.105111E+00  -0.293794E+00
  0.777600E+06   0.806677E-01  -0.191805E+00   0.781002E-01  -0.562485E-01   0.114788E+00   0.211881E+00   0.233145E+00  -0.133952E+00  -0.245097E-01  -0.629862E-01   0.269884E-01   0.957787E-02   0.368254E-02  -0.128676E-01   0.991472E-01  -0.138953E-01  -0.141314E-01   0.180425E-01  -0.313957E-01  -0.354108E-01  -0.509462E-02  -0.127896E+00  -0.118223E+00  -0.117759E+00  -0.115087E+00   0.388069E-01   0.420265E-01  -0.881267E-01  -0.852249E-01  -0.798068E-01  -0.105590E+00  -0.864303E-01   0.420265E-01  -0.433577E-01   0.144807E-01   0.565345E-02  -0.221510E-01  -0.549826E-01  -0.117329E+00  -0.116356E+00  -0.114361E+00  -0.105206E+00  -0.998489E-01  -0.111265E+00  -0.105689E+00  -0.980008E-01  -0.844836E-01  -0.103083E+00  -0.105677E+00  -0.802817E-01  -0.696471E-01  -0.683268E-01  -0.533481E-01  -0.437986E-01  -0.249699E-01  -0.576139E-02   0.329991E-01   0.352988E-01   0.758622E-01   0.760659E-01  -0.113739E+00
  0.781200E+06   0.477619E-01  -0.158937E+00   0.194389E+00   0.504167E-02   0.284165E+00   0.369866E+00   0.387251E+00  -0.339882E-01  -0.809385E-01  -0.741398E-01   0.275305E-01  -0.825490E-01   0.938291E-01   0.600801E-01   0.262274E+00   0.809722E-01   0.808641E-01   0.160455E+00   0.164441E+00   0.161027E+00   0.103322E+00  -0.284632E-01  -0.106322E-01   0.921024E-01   0.999949E-01   0.233736E+00   0.236070E+00   0.114333E+00   0.119768E+00   0.125051E+00   0.107111E+00   0.814647E-01   0.236070E+00   0.162128E+00   0.188784E+00   0.201114E+00   0.995941E-01   0.101072E+00   0.871767E-01   0.946430E-01   0.940347E-01   0.105072E+00   0.107254E+00   0.103810E+00   0.106947E+00   0.112459E+00   0.122111E+00   0.109091E+00   0.107805E+00   0.127354E+00   0.136647E+00   0.137132E+00   0.146662E+00   0.159661E+00   0.176503E+00   0.192909E+00   0.227683E+00   0.230354E+00   0.262612E+00   0.262099E+00   0.972767E-01
  0.784800E+06   0.192293E-01  -0.340472E-01   0.285982E+00   0.450457E-01   0.400340E+00   0.428619E+00   0.433829E+00   0.108208E+00  -0.782551E-01  -0.208298E-01   0.278376E-01  -0.122582E+00   0.160665E+00   0.108801E+00   0.379789E+00   0.142526E+00   0.142395E+00   0.285676E+00   0.342027E+00   0.338837E+00   0.186097E+00   0.964489E-01   0.121386E+00   0.268149E+00   0.273563E+00   0.379651E+00   0.380969E+00   0.282276E+00   0.290894E+00   0.295949E+00   0.279485E+00   0.282948E+00   0.380969E+00   0.323127E+00   0.330777E+00   0.354390E+00   0.307181E+00   0.255391E+00   0.262643E+00   0.266075E+00   0.266455E+00   0.277893E+00   0.279526E+00   0.276560E+00   0.278697E+00   0.283956E+00   0.291009E+00   0.281138E+00   0.279527E+00   0.296291E+00   0.303667E+00   0.303129E+00   0.314497E+00   0.321050E+00   0.333670E+00   0.346727E+00   0.375060E+00   0.377325E+00   0.394685E+00   0.393448E+00   0.271114E+00
  0.788400E+06  -0.564256E-02   0.149514E+00   0.338768E+00   0.706608E-01   0.396491E+00   0.373839E+00   0.358629E+00   0.275832E+00  -0.132957E-01   0.723635E-01   0.276485E-01  -0.898914E-01   0.199572E+00   0.139382E+00   0.392663E+00   0.182529E+00   0.182444E+00   0.364794E+00   0.440279E+00   0.441502E+00   0.246746E+00   0.206060E+00   0.229532E+00   0.387552E+00   0.391870E+00   0.418089E+00   0.418460E+00   0.382894E+00   0.399432E+00   0.399800E+00   0.395075E+00   0.397030E+00   0.418460E+00   0.407046E+00   0.377009E+00   0.415617E+00   0.402721E+00   0.356265E+00   0.382484E+00   0.385442E+00   0.385883E+00   0.391703E+00   0.389787E+00   0.394059E+00   0.395563E+00   0.394347E+00   0.392688E+00   0.395156E+00   0.395462E+00   0.398829E+00   0.400525E+00   0.397036E+00   0.404300E+00   0.403369E+00   0.409687E+00   0.410389E+00   0.415837E+00   0.417351E+00   0.413457E+00   0.411749E+00   0.389930E+00
  0.792000E+06  -0.182839E-01   0.313637E+00   0.336770E+00   0.114505E+00   0.264844E+00   0.219561E+00   0.179239E+00   0.405750E+00   0.901342E-01   0.185388E+00   0.270393E-01   0.427098E-02   0.202818E+00   0.151537E+00   0.296588E+00   0.193320E+00   0.193312E+00   0.295992E+00   0.373312E+00   0.382297E+00   0.252246E+00   0.277362E+00   0.292373E+00   0.396970E+00   0.393407E+00   0.324116E+00   0.323136E+00   0.369951E+00   0.381646E+00   0.377268E+00   0.390040E+00   0.387156E+00   0.323136E+00   0.357972E+00   0.301970E+00   0.340865E+00   0.367958E+00   0.315436E+00   0.393086E+00   0.392310E+00   0.392513E+00   0.388771E+00   0.384573E+00   0.391374E+00   0.390210E+00   0.385371E+00   0.375740E+00   0.388668E+00   0.388913E+00   0.377675E+00   0.372371E+00   0.368697E+00   0.364893E+00   0.358274E+00   0.350948E+00   0.344015E+00   0.324446E+00   0.324747E+00   0.303668E+00   0.303063E+00   0.393915E+00
  0.795600E+06   0.554691E-02   0.417168E+00   0.222667E+00   0.240480E+00   0.674909E-01  -0.289180E-02  -0.601078E-01   0.465018E+00   0.217815E+00   0.291688E+00   0.264472E-01   0.137795E+00   0.159797E+00   0.139869E+00   0.124129E+00   0.163145E+00   0.163221E+00   0.158568E+00   0.225216E+00   0.234038E+00   0.175787E+00   0.262241E+00   0.260528E+00   0.256279E+00   0.247769E+00   0.148579E+00   0.146579E+00   0.242792E+00   0.228532E+00   0.225822E+00   0.242580E+00   0.236243E+00   0.146579E+00   0.195732E+00   0.155414E+00   0.166126E+00   0.220472E+00   0.188150E+00   0.264111E+00   0.252290E+00   0.252519E+00   0.246944E+00   0.246955E+00   0.244213E+00   0.241340E+00   0.240092E+00   0.233525E+00   0.241604E+00   0.240623E+00   0.226222E+00   0.218615E+00   0.219704E+00   0.205558E+00   0.201466E+00   0.186014E+00   0.177159E+00   0.150623E+00   0.149970E+00   0.124015E+00   0.124553E+00   0.251557E+00
  0.799200E+06   0.475968E-01   0.449401E+00   0.779949E-01   0.279642E+00  -0.135934E+00  -0.232534E+00  -0.298668E+00   0.427643E+00   0.329823E+00   0.364612E+00   0.259326E-01   0.278110E+00   0.665560E-01   0.940004E-01  -0.670009E-01   0.807780E-01   0.808917E-01   0.133046E-01   0.587218E-01   0.668217E-01   0.521301E-01   0.188345E+00   0.173305E+00   0.808044E-01   0.755282E-01  -0.401490E-01  -0.435629E-01   0.722351E-01   0.556406E-01   0.532573E-01   0.709431E-01   0.784856E-01  -0.435629E-01   0.256906E-01  -0.319228E-01  -0.199139E-01   0.123872E+00  -0.633848E-02   0.890939E-01   0.768489E-01   0.795256E-01   0.744243E-01   0.741640E-01   0.729203E-01   0.704676E-01   0.678494E-01   0.609969E-01   0.697190E-01   0.706822E-01   0.531119E-01   0.444098E-01   0.464064E-01   0.287573E-01   0.252839E-01   0.714592E-02  -0.688381E-02  -0.393665E-01  -0.383885E-01  -0.665281E-01  -0.657582E-01   0.789439E-01
  0.802800E+06   0.938585E-01   0.397902E+00  -0.803141E-01   0.241090E+00  -0.319845E+00  -0.421860E+00  -0.476043E+00   0.298696E+00   0.390178E+00   0.366858E+00   0.255874E-01   0.388874E+00  -0.207782E-01   0.333688E-01  -0.250086E+00   0.468646E-02   0.476182E-02  -0.121886E+00  -0.112084E+00  -0.103168E+00  -0.280733E-01   0.884588E-01   0.769307E-01  -0.767742E-01  -0.781225E-01  -0.224840E+00  -0.227026E+00  -0.837264E-01  -0.104301E+00  -0.105951E+00  -0.856097E-01  -0.640061E-01  -0.227026E+00  -0.142702E+00  -0.201475E+00  -0.199192E+00   0.103571E+00  -0.187937E+00  -0.618446E-01  -0.779724E-01  -0.740557E-01  -0.809642E-01  -0.813479E-01  -0.818265E-01  -0.842892E-01  -0.893669E-01  -0.976962E-01  -0.869951E-01  -0.861777E-01  -0.107625E+00  -0.118287E+00  -0.115499E+00  -0.136168E+00  -0.142036E+00  -0.165616E+00  -0.183261E+00  -0.223319E+00  -0.223249E+00  -0.251874E+00  -0.250814E+00  -0.748931E-01
  0.806400E+06   0.142733E+00   0.235622E+00  -0.220342E+00   0.217700E+00  -0.443353E+00  -0.505145E+00  -0.544553E+00   0.100869E+00   0.370470E+00   0.286653E+00   0.256230E-01   0.434035E+00  -0.773965E-01   0.911781E-03  -0.392635E+00  -0.411400E-01  -0.410254E-01  -0.238670E+00  -0.269110E+00  -0.260304E+00  -0.954281E-01  -0.285101E-02  -0.914137E-02  -0.216490E+00  -0.216030E+00  -0.375043E+00  -0.376890E+00  -0.223742E+00  -0.246270E+00  -0.196267E+00  -0.225572E+00  -0.186006E+00  -0.376890E+00  -0.286667E+00  -0.323191E+00  -0.348395E+00   0.116539E+00  -0.309117E+00  -0.201822E+00  -0.214577E+00  -0.210254E+00  -0.220895E+00  -0.221831E+00  -0.221407E+00  -0.226658E+00  -0.229776E+00  -0.238451E+00  -0.227044E+00  -0.226037E+00  -0.248221E+00  -0.259219E+00  -0.256662E+00  -0.277546E+00  -0.284356E+00  -0.310433E+00  -0.330553E+00  -0.370733E+00  -0.373526E+00  -0.398439E+00  -0.396943E+00  -0.212973E+00
  0.810000E+06   0.182844E+00  -0.546820E-03  -0.314618E+00   0.136514E+00  -0.475818E+00  -0.475237E+00  -0.484282E+00  -0.128582E+00   0.275272E+00   0.158122E+00   0.261512E-01   0.373966E+00  -0.116854E+00  -0.221209E-01  -0.457193E+00  -0.767201E-01  -0.766576E-01  -0.324449E+00  -0.397121E+00  -0.389887E+00  -0.154137E+00  -0.855777E-01  -0.937802E-01  -0.338276E+00  -0.340825E+00  -0.469465E+00  -0.470370E+00  -0.340508E+00  -0.362393E+00  -0.241803E+00  -0.348434E+00  -0.293006E+00  -0.470370E+00  -0.397610E+00  -0.393285E+00  -0.452646E+00   0.867709E-01  -0.388003E+00  -0.325321E+00  -0.336013E+00  -0.333179E+00  -0.343712E+00  -0.343202E+00  -0.313743E+00  -0.349181E+00  -0.351227E+00  -0.356745E+00  -0.349373E+00  -0.348783E+00  -0.366456E+00  -0.375566E+00  -0.372063E+00  -0.391361E+00  -0.395909E+00  -0.420050E+00  -0.435549E+00  -0.461776E+00  -0.468372E+00  -0.476664E+00  -0.474635E+00  -0.338848E+00
  0.813600E+06   0.191009E+00  -0.232184E+00  -0.353749E+00  -0.418175E-02  -0.397565E+00  -0.332567E+00  -0.306147E+00  -0.343090E+00   0.140950E+00   0.402842E-02   0.267869E-01   0.228877E+00  -0.141376E+00  -0.443979E-01  -0.406468E+00  -0.104878E+00  -0.104868E+00  -0.356414E+00  -0.461404E+00  -0.457302E+00  -0.201837E+00  -0.160462E+00  -0.165593E+00  -0.421241E+00  -0.427217E+00  -0.460162E+00  -0.459097E+00  -0.414260E+00  -0.439198E+00  -0.257363E+00  -0.432184E+00  -0.364284E+00  -0.459097E+00  -0.453033E+00  -0.404800E+00  -0.466867E+00   0.110612E+00  -0.386022E+00  -0.416133E+00  -0.418445E+00  -0.418342E+00  -0.427818E+00  -0.425184E+00  -0.307465E+00  -0.432710E+00  -0.431571E+00  -0.429758E+00  -0.432209E+00  -0.432425E+00  -0.438692E+00  -0.441793E+00  -0.436020E+00  -0.448800E+00  -0.445757E+00  -0.459296E+00  -0.457508E+00  -0.457022E+00  -0.460953E+00  -0.438873E+00  -0.436469E+00  -0.425567E+00
  0.817200E+06   0.154412E+00  -0.431267E+00  -0.306193E+00  -0.179417E+00  -0.226255E+00  -0.111690E+00  -0.517198E-01  -0.495422E+00  -0.239215E-01  -0.160065E+00   0.273506E-01   0.516727E-01  -0.140540E+00  -0.641950E-01  -0.242882E+00  -0.117751E+00  -0.117802E+00  -0.271825E+00  -0.371073E+00  -0.382124E+00  -0.215809E+00  -0.208964E+00  -0.211580E+00  -0.426565E+00  -0.425987E+00  -0.280152E+00  -0.278453E+00  -0.382796E+00  -0.389960E+00  -0.244330E+00  -0.414877E+00  -0.342242E+00  -0.278453E+00  -0.349869E+00  -0.281496E+00  -0.308018E+00   0.167556E-01  -0.341660E+00  -0.426508E+00  -0.419281E+00  -0.417124E+00  -0.414006E+00  -0.406557E+00  -0.320732E+00  -0.415037E+00  -0.405432E+00  -0.388404E+00  -0.411918E+00  -0.414169E+00  -0.385466E+00  -0.374485E+00  -0.371641E+00  -0.358306E+00  -0.348741E+00  -0.331591E+00  -0.319497E+00  -0.282685E+00  -0.281616E+00  -0.253344E+00  -0.253407E+00  -0.424297E+00
  0.820800E+06   0.111843E+00  -0.563956E+00  -0.209424E+00  -0.264900E+00  -0.167491E-01   0.137834E+00   0.219083E+00  -0.551284E+00  -0.181160E+00  -0.302376E+00   0.279686E-01  -0.115256E+00  -0.916148E-01  -0.665583E-01  -0.308753E-01  -0.950983E-01  -0.952508E-01  -0.953241E-01  -0.200815E+00  -0.210093E+00  -0.129038E+00  -0.199796E+00  -0.194110E+00  -0.255256E+00  -0.249141E+00  -0.876141E-01  -0.848904E-01  -0.235932E+00  -0.217681E+00  -0.204997E+00  -0.240140E+00  -0.200247E+00  -0.848904E-01  -0.176645E+00  -0.981133E-01  -0.120742E+00  -0.326839E-01  -0.190811E+00  -0.259773E+00  -0.244828E+00  -0.243554E+00  -0.243573E+00  -0.241541E+00  -0.254394E+00  -0.239179E+00  -0.235316E+00  -0.224696E+00  -0.238470E+00  -0.240613E+00  -0.215283E+00  -0.204516E+00  -0.205493E+00  -0.187054E+00  -0.178666E+00  -0.155467E+00  -0.136879E+00  -0.913365E-01  -0.901191E-01  -0.504981E-01  -0.511909E-01  -0.246970E+00
  0.824400E+06   0.715069E-01  -0.598713E+00  -0.101269E+00  -0.224848E+00   0.187114E+00   0.352284E+00   0.442377E+00  -0.512263E+00  -0.316115E+00  -0.396718E+00   0.286068E-01  -0.263719E+00   0.141901E-01  -0.168103E-01   0.163132E+00  -0.153425E-02  -0.170513E-02   0.661990E-01   0.130279E-01   0.520818E-02   0.217937E-01  -0.112942E+00  -0.101619E+00  -0.336443E-01  -0.290228E-01   0.134319E+00   0.137039E+00  -0.197115E-01  -0.894118E-02  -0.356363E-02  -0.235530E-01  -0.292477E-01   0.137039E+00   0.407640E-01   0.919841E-01   0.970047E-01  -0.985727E-01   0.107539E-01  -0.398667E-01  -0.341643E-01  -0.342993E-01  -0.259925E-01  -0.236931E-01  -0.275330E-01  -0.227327E-01  -0.190737E-01  -0.892056E-02  -0.220462E-01  -0.241482E-01  -0.203435E-02   0.884868E-02   0.851381E-02   0.281833E-01   0.366895E-01   0.586236E-01   0.809242E-01   0.128521E+00   0.131129E+00   0.167903E+00   0.166713E+00  -0.319452E-01
  0.828000E+06   0.309705E-01  -0.494267E+00   0.355880E-02  -0.175124E+00   0.365508E+00   0.482741E+00   0.566037E+00  -0.390961E+00  -0.410339E+00  -0.429526E+00   0.290854E-01  -0.383947E+00   0.101895E+00   0.577623E-01   0.340240E+00   0.846287E-01   0.845363E-01   0.227166E+00   0.236946E+00   0.228785E+00   0.122458E+00   0.191662E-01   0.400972E-01   0.177006E+00   0.185795E+00   0.331661E+00   0.333519E+00   0.192838E+00   0.210074E+00   0.213983E+00   0.193632E+00   0.199668E+00   0.333519E+00   0.254944E+00   0.280591E+00   0.301617E+00   0.216022E+00   0.168682E+00   0.168971E+00   0.178192E+00   0.178326E+00   0.188635E+00   0.189683E+00   0.189570E+00   0.194301E+00   0.197137E+00   0.205732E+00   0.194985E+00   0.195064E+00   0.214914E+00   0.225070E+00   0.223586E+00   0.240895E+00   0.250390E+00   0.270963E+00   0.288715E+00   0.327739E+00   0.330316E+00   0.360291E+00   0.358186E+00   0.182197E+00
  0.831600E+06  -0.914162E-02  -0.281287E+00   0.856625E-01  -0.136161E+00   0.454636E+00   0.504962E+00   0.562312E+00  -0.207979E+00  -0.433143E+00  -0.374168E+00   0.293054E-01  -0.456169E+00   0.166255E+00   0.101850E+00   0.436906E+00   0.145645E+00   0.145595E+00   0.374700E+00   0.422244E+00   0.417151E+00   0.213713E+00   0.146441E+00   0.171008E+00   0.352203E+00   0.358192E+00   0.451959E+00   0.452494E+00   0.357393E+00   0.374182E+00   0.376892E+00   0.363951E+00   0.368349E+00   0.452494E+00   0.403056E+00   0.399945E+00   0.432623E+00   0.387739E+00   0.325031E+00   0.346490E+00   0.348778E+00   0.349258E+00   0.360715E+00   0.360763E+00   0.361547E+00   0.364057E+00   0.366509E+00   0.370425E+00   0.365072E+00   0.364312E+00   0.377710E+00   0.383904E+00   0.381627E+00   0.394189E+00   0.398476E+00   0.413460E+00   0.421828E+00   0.447620E+00   0.449835E+00   0.460472E+00   0.457883E+00   0.354938E+00
  0.835200E+06  -0.472112E-01  -0.630699E-01   0.135171E+00  -0.109198E+00   0.414130E+00   0.411445E+00   0.436215E+00  -0.154285E-01  -0.356500E+00  -0.255498E+00   0.290145E-01  -0.438257E+00   0.202342E+00   0.131424E+00   0.417697E+00   0.184953E+00   0.184961E+00   0.394877E+00   0.492055E+00   0.495324E+00   0.268987E+00   0.252270E+00   0.276928E+00   0.449577E+00   0.453726E+00   0.452700E+00   0.452217E+00   0.430410E+00   0.459209E+00   0.457623E+00   0.456194E+00   0.458224E+00   0.452217E+00   0.457099E+00   0.411936E+00   0.457393E+00   0.457280E+00   0.399665E+00   0.441211E+00   0.446530E+00   0.447123E+00   0.450696E+00   0.445989E+00   0.456138E+00   0.457255E+00   0.452792E+00   0.446424E+00   0.455555E+00   0.456843E+00   0.455377E+00   0.454923E+00   0.449078E+00   0.456506E+00   0.451855E+00   0.456680E+00   0.452102E+00   0.451307E+00   0.452527E+00   0.439014E+00   0.436769E+00   0.451301E+00
  0.838800E+06  -0.791744E-01   0.103926E+00   0.147148E+00  -0.519287E-01   0.251308E+00   0.229031E+00   0.219748E+00   0.133639E+00  -0.242049E+00  -0.124718E+00   0.281116E-01  -0.343259E+00   0.199587E+00   0.142060E+00   0.286764E+00   0.191766E+00   0.191848E+00   0.295358E+00   0.383690E+00   0.394274E+00   0.259058E+00   0.303767E+00   0.315553E+00   0.408491E+00   0.402230E+00   0.313841E+00   0.312754E+00   0.376505E+00   0.384026E+00   0.379130E+00   0.396305E+00   0.391743E+00   0.312754E+00   0.353008E+00   0.295440E+00   0.331129E+00   0.366371E+00   0.317196E+00   0.405844E+00   0.403492E+00   0.403311E+00   0.396137E+00   0.392168E+00   0.398670E+00   0.396583E+00   0.390615E+00   0.380034E+00   0.394399E+00   0.395004E+00   0.379143E+00   0.372077E+00   0.369500E+00   0.361720E+00   0.354791E+00   0.344530E+00   0.336849E+00   0.314431E+00   0.314330E+00   0.292281E+00   0.291551E+00   0.403451E+00
  0.842400E+06  -0.899837E-01   0.226081E+00   0.727613E-01   0.877430E-01   0.554244E-01   0.249226E-02  -0.315331E-01   0.231683E+00  -0.105661E+00  -0.204399E-02   0.271693E-01  -0.212494E+00   0.149696E+00   0.128379E+00   0.110481E+00   0.154346E+00   0.154477E+00   0.147367E+00   0.224525E+00   0.234313E+00   0.162247E+00   0.262867E+00   0.258662E+00   0.235520E+00   0.232020E+00   0.137451E+00   0.135059E+00   0.221560E+00   0.218671E+00   0.216682E+00   0.228714E+00   0.224808E+00   0.135059E+00   0.184442E+00   0.145256E+00   0.151516E+00   0.211365E+00   0.163276E+00   0.240711E+00   0.234484E+00   0.235355E+00   0.229415E+00   0.227340E+00   0.230596E+00   0.228600E+00   0.224529E+00   0.216125E+00   0.227487E+00   0.228766E+00   0.213277E+00   0.205637E+00   0.204634E+00   0.193788E+00   0.188169E+00   0.174194E+00   0.162351E+00   0.139475E+00   0.138623E+00   0.111257E+00   0.111568E+00   0.234181E+00
  0.846000E+06  -0.630030E-01   0.283963E+00  -0.119494E-01   0.182110E+00  -0.130787E+00  -0.207768E+00  -0.257749E+00   0.238668E+00   0.310247E-01   0.976143E-01   0.266274E-01  -0.559803E-01   0.583280E-01   0.827210E-01  -0.633455E-01   0.719257E-01   0.720741E-01   0.740459E-02   0.577660E-01   0.676086E-01   0.450815E-01   0.172154E+00   0.156230E+00   0.601137E-01   0.563927E-01  -0.486461E-01  -0.506337E-01   0.526922E-01   0.399052E-01   0.373923E-01   0.523313E-01   0.636683E-01  -0.506337E-01   0.111380E-01  -0.403745E-01  -0.331894E-01   0.118274E+00  -0.191532E-01   0.688884E-01   0.564862E-01   0.598094E-01   0.551033E-01   0.545367E-01   0.565080E-01   0.513751E-01   0.490655E-01   0.422386E-01   0.513046E-01   0.544335E-01   0.355864E-01   0.272636E-01   0.289032E-01   0.133937E-01   0.953160E-02  -0.711214E-02  -0.210703E-01  -0.489351E-01  -0.477941E-01  -0.715544E-01  -0.710887E-01   0.593685E-01
  0.849600E+06  -0.262613E-01   0.264512E+00  -0.930967E-01   0.162282E+00  -0.283290E+00  -0.350923E+00  -0.401241E+00   0.176090E+00   0.126881E+00   0.151752E+00   0.261846E-01   0.775050E-01  -0.246025E-01   0.245108E-01  -0.226541E+00   0.119177E-03   0.242934E-03  -0.119052E+00  -0.104575E+00  -0.946976E-01  -0.305717E-01   0.749643E-01   0.657070E-01  -0.794021E-01  -0.879474E-01  -0.215282E+00  -0.216953E+00  -0.932288E-01  -0.109624E+00  -0.110631E+00  -0.939657E-01  -0.700259E-01  -0.216953E+00  -0.142900E+00  -0.194407E+00  -0.195653E+00   0.755281E-01  -0.171134E+00  -0.749588E-01  -0.874173E-01  -0.836768E-01  -0.906350E-01  -0.913152E-01  -0.908355E-01  -0.948234E-01  -0.976522E-01  -0.105332E+00  -0.951298E-01  -0.936536E-01  -0.113295E+00  -0.122528E+00  -0.120602E+00  -0.136013E+00  -0.143453E+00  -0.164663E+00  -0.180738E+00  -0.214712E+00  -0.214376E+00  -0.236105E+00  -0.235048E+00  -0.850350E-01
  0.853200E+06   0.109922E-01   0.169258E+00  -0.137210E+00   0.166947E+00  -0.357006E+00  -0.387119E+00  -0.429288E+00   0.647188E-01   0.172527E+00   0.146758E+00   0.259536E-01   0.177285E+00  -0.735955E-01  -0.354476E-02  -0.328865E+00  -0.406995E-01  -0.405774E-01  -0.216758E+00  -0.245417E+00  -0.237281E+00  -0.912054E-01  -0.878660E-02  -0.156831E-01  -0.213803E+00  -0.213068E+00  -0.331338E+00  -0.332337E+00  -0.216844E+00  -0.235730E+00  -0.193734E+00  -0.220788E+00  -0.181487E+00  -0.332337E+00  -0.269287E+00  -0.294824E+00  -0.315841E+00   0.711982E-01  -0.259780E+00  -0.200945E+00  -0.212595E+00  -0.208267E+00  -0.216991E+00  -0.217189E+00  -0.208328E+00  -0.221616E+00  -0.224068E+00  -0.230133E+00  -0.222009E+00  -0.220850E+00  -0.238420E+00  -0.247074E+00  -0.244182E+00  -0.262289E+00  -0.265940E+00  -0.287230E+00  -0.300845E+00  -0.329318E+00  -0.330698E+00  -0.342259E+00  -0.340639E+00  -0.210573E+00
  0.856800E+06   0.477765E-01   0.423076E-01  -0.138939E+00   0.125036E+00  -0.328673E+00  -0.312748E+00  -0.338343E+00  -0.405781E-01   0.157508E+00   0.968775E-01   0.261562E-01   0.216933E+00  -0.101274E+00  -0.211235E-01  -0.332647E+00  -0.682075E-01  -0.681466E-01  -0.269564E+00  -0.339591E+00  -0.334986E+00  -0.138376E+00  -0.870657E-01  -0.917886E-01  -0.310847E+00  -0.311981E+00  -0.365680E+00  -0.365247E+00  -0.303544E+00  -0.323857E+00  -0.213244E+00  -0.317266E+00  -0.263971E+00  -0.365247E+00  -0.342750E+00  -0.331959E+00  -0.366145E+00   0.102764E+00  -0.288769E+00  -0.300661E+00  -0.301481E+00  -0.296892E+00  -0.312825E+00  -0.310633E+00  -0.301898E+00  -0.318131E+00  -0.316813E+00  -0.316935E+00  -0.317214E+00  -0.317592E+00  -0.325561E+00  -0.329814E+00  -0.325013E+00  -0.338171E+00  -0.337349E+00  -0.352013E+00  -0.355274E+00  -0.364708E+00  -0.366228E+00  -0.355597E+00  -0.353575E+00  -0.309334E+00
  0.860400E+06   0.748572E-01  -0.502943E-01  -0.904912E-01   0.336845E-01  -0.202779E+00  -0.150743E+00  -0.157057E+00  -0.106234E+00   0.103918E+00   0.413345E-01   0.266605E-01   0.176985E+00  -0.105099E+00  -0.349732E-01  -0.220724E+00  -0.817466E-01  -0.817656E-01  -0.232966E+00  -0.310845E+00  -0.318234E+00  -0.161312E+00  -0.145519E+00  -0.147688E+00  -0.343711E+00  -0.344200E+00  -0.257501E+00  -0.255374E+00  -0.309918E+00  -0.328008E+00  -0.212167E+00  -0.340242E+00  -0.279317E+00  -0.255374E+00  -0.304387E+00  -0.256744E+00  -0.278514E+00   0.349010E-01  -0.269856E+00  -0.339256E+00  -0.351604E+00  -0.346498E+00  -0.337004E+00  -0.330494E+00  -0.322968E+00  -0.340573E+00  -0.333558E+00  -0.320482E+00  -0.338388E+00  -0.339330E+00  -0.324337E+00  -0.318147E+00  -0.312693E+00  -0.309321E+00  -0.301116E+00  -0.292408E+00  -0.282933E+00  -0.260512E+00  -0.259509E+00  -0.230843E+00  -0.230028E+00  -0.342783E+00
  0.864000E+06   0.756986E-01  -0.102019E+00   0.200184E-01  -0.489450E-01  -0.181554E-01   0.561505E-01   0.642279E-01  -0.107517E+00   0.415224E-01  -0.250010E-02   0.271510E-01   0.850073E-01  -0.683322E-01  -0.389285E-01  -0.306870E-01  -0.673748E-01  -0.674890E-01  -0.809601E-01  -0.167214E+00  -0.174758E+00  -0.108360E+00  -0.153257E+00  -0.148240E+00  -0.221278E+00  -0.209647E+00  -0.771374E-01  -0.748447E-01  -0.203283E+00  -0.179705E+00  -0.177529E+00  -0.200203E+00  -0.160991E+00  -0.748447E-01  -0.146440E+00  -0.849380E-01  -0.104357E+00  -0.638723E-02  -0.168764E+00  -0.231164E+00  -0.217238E+00  -0.214833E+00  -0.206979E+00  -0.207959E+00  -0.205246E+00  -0.198998E+00  -0.197903E+00  -0.190751E+00  -0.199075E+00  -0.199863E+00  -0.179127E+00  -0.170070E+00  -0.172312E+00  -0.154937E+00  -0.149256E+00  -0.130049E+00  -0.117652E+00  -0.798971E-01  -0.790575E-01  -0.479508E-01  -0.486507E-01  -0.210154E+00
  0.867600E+06   0.498464E-01  -0.107117E+00   0.141897E+00  -0.225232E-01   0.159148E+00   0.247723E+00   0.264996E+00  -0.336469E-01  -0.166426E-01  -0.221025E-01   0.275255E-01  -0.104916E-01   0.247878E-01  -0.287374E-02   0.141147E+00   0.876982E-02   0.861134E-02   0.636783E-01   0.191182E-01   0.130314E-01   0.326781E-01  -0.891609E-01  -0.789673E-01  -0.278769E-01  -0.229018E-01   0.112869E+00   0.115286E+00  -0.148892E-01  -0.263821E-02   0.629695E-03  -0.179340E-01  -0.177050E-01   0.115286E+00   0.365330E-01   0.793221E-01   0.831831E-01  -0.580625E-01   0.148516E-01  -0.297894E-01  -0.266006E-01  -0.266199E-01  -0.198709E-01  -0.175098E-01  -0.209858E-01  -0.171400E-01  -0.141612E-01  -0.547289E-02  -0.166939E-01  -0.180921E-01   0.633169E-03   0.977826E-02   0.912201E-02   0.261963E-01   0.324915E-01   0.525612E-01   0.682888E-01   0.108172E+00   0.110059E+00   0.140257E+00   0.139063E+00  -0.247678E-01
  0.871200E+06   0.240990E-01  -0.529087E-01   0.256476E+00   0.384673E-01   0.321651E+00   0.376817E+00   0.391184E+00   0.822595E-01  -0.287469E-01   0.901447E-02   0.277523E-01  -0.622259E-01   0.106631E+00   0.686333E-01   0.299943E+00   0.932589E-01   0.932173E-01   0.204447E+00   0.213390E+00   0.207596E+00   0.123755E+00   0.255220E-01   0.449417E-01   0.164044E+00   0.174219E+00   0.297172E+00   0.298823E+00   0.175378E+00   0.195463E+00   0.199024E+00   0.181031E+00   0.186710E+00   0.298823E+00   0.231594E+00   0.249422E+00   0.267790E+00   0.201615E+00   0.156305E+00   0.156218E+00   0.167687E+00   0.167552E+00   0.175328E+00   0.174925E+00   0.177878E+00   0.181889E+00   0.182960E+00   0.188852E+00   0.181937E+00   0.183205E+00   0.198270E+00   0.206461E+00   0.204195E+00   0.220465E+00   0.226506E+00   0.243878E+00   0.257223E+00   0.292167E+00   0.294359E+00   0.315945E+00   0.314370E+00   0.170470E+00
  0.874800E+06   0.426567E-02   0.821822E-01   0.341406E+00   0.730021E-01   0.410300E+00   0.408033E+00   0.407189E+00   0.228013E+00   0.148585E-01   0.817126E-01   0.276790E-01  -0.513283E-01   0.165637E+00   0.109756E+00   0.393161E+00   0.148608E+00   0.148573E+00   0.328190E+00   0.377187E+00   0.373400E+00   0.205413E+00   0.142956E+00   0.164337E+00   0.320652E+00   0.326786E+00   0.410374E+00   0.411107E+00   0.322724E+00   0.343091E+00   0.345786E+00   0.333633E+00   0.337769E+00   0.411107E+00   0.367985E+00   0.362984E+00   0.392457E+00   0.354650E+00   0.295355E+00   0.315231E+00   0.320467E+00   0.320686E+00   0.329269E+00   0.327966E+00   0.331802E+00   0.334251E+00   0.334610E+00   0.336654E+00   0.334277E+00   0.334816E+00   0.344886E+00   0.350257E+00   0.347181E+00   0.360006E+00   0.362749E+00   0.376569E+00   0.382877E+00   0.406659E+00   0.408405E+00   0.416548E+00   0.414084E+00   0.325171E+00
  0.878400E+06  -0.721767E-02   0.249768E+00   0.377625E+00   0.110813E+00   0.370860E+00   0.326967E+00   0.305715E+00   0.369647E+00   0.945460E-01   0.177458E+00   0.271764E-01   0.186258E-01   0.196803E+00   0.135701E+00   0.375686E+00   0.182760E+00   0.182781E+00   0.364692E+00   0.439298E+00   0.439615E+00   0.255515E+00   0.240442E+00   0.261963E+00   0.414132E+00   0.418517E+00   0.416127E+00   0.415599E+00   0.393320E+00   0.423092E+00   0.421467E+00   0.420209E+00   0.422333E+00   0.415599E+00   0.420377E+00   0.379198E+00   0.420270E+00   0.420815E+00   0.370251E+00   0.405546E+00   0.412294E+00   0.412508E+00   0.414194E+00   0.409122E+00   0.420619E+00   0.421572E+00   0.416154E+00   0.409491E+00   0.419326E+00   0.421265E+00   0.418707E+00   0.418164E+00   0.412199E+00   0.419823E+00   0.415029E+00   0.419857E+00   0.415091E+00   0.415162E+00   0.416068E+00   0.401987E+00   0.399807E+00   0.415855E+00
  0.882000E+06   0.736373E-02   0.384234E+00   0.344349E+00   0.196115E+00   0.216969E+00   0.154565E+00   0.110442E+00   0.465588E+00   0.209796E+00   0.283491E+00   0.265736E-01   0.133951E+00   0.191224E+00   0.143321E+00   0.255964E+00   0.185581E+00   0.185662E+00   0.271389E+00   0.336297E+00   0.346295E+00   0.244321E+00   0.291870E+00   0.301558E+00   0.383111E+00   0.377014E+00   0.288860E+00   0.287377E+00   0.347227E+00   0.358601E+00   0.353247E+00   0.370877E+00   0.366528E+00   0.287377E+00   0.327829E+00   0.273947E+00   0.306590E+00   0.341140E+00   0.294159E+00   0.379197E+00   0.378506E+00   0.378282E+00   0.369983E+00   0.365117E+00   0.373503E+00   0.371386E+00   0.364519E+00   0.352970E+00   0.368792E+00   0.369566E+00   0.353262E+00   0.346166E+00   0.342905E+00   0.336237E+00   0.328819E+00   0.319610E+00   0.311159E+00   0.289914E+00   0.289646E+00   0.266576E+00   0.265675E+00   0.378155E+00
  0.885600E+06   0.441596E-01   0.459300E+00   0.205432E+00   0.323542E+00   0.176597E-01  -0.701116E-01  -0.130288E+00   0.481702E+00   0.327827E+00   0.373887E+00   0.259096E-01   0.270074E+00   0.138738E+00   0.127596E+00   0.787596E-01   0.146080E+00   0.146225E+00   0.127670E+00   0.182808E+00   0.189113E+00   0.148509E+00   0.253065E+00   0.247077E+00   0.222014E+00   0.215686E+00   0.112677E+00   0.108937E+00   0.201890E+00   0.196934E+00   0.193056E+00   0.210424E+00   0.205232E+00   0.108937E+00   0.161793E+00   0.120265E+00   0.130287E+00   0.187993E+00   0.146064E+00   0.226174E+00   0.219529E+00   0.220118E+00   0.211948E+00   0.209802E+00   0.212145E+00   0.210288E+00   0.205753E+00   0.196789E+00   0.208886E+00   0.209086E+00   0.192408E+00   0.184272E+00   0.183843E+00   0.171674E+00   0.165975E+00   0.151391E+00   0.140026E+00   0.114737E+00   0.114088E+00   0.834971E-01   0.837912E-01   0.218504E+00
  0.889200E+06   0.883283E-01   0.463787E+00   0.591488E-01   0.287969E+00  -0.181210E+00  -0.291361E+00  -0.355298E+00   0.405016E+00   0.410377E+00   0.411277E+00   0.254242E-01   0.390233E+00   0.415357E-01   0.756993E-01  -0.110690E+00   0.576912E-01   0.578082E-01  -0.143858E-01   0.151147E-01   0.223154E-01   0.324192E-01   0.167480E+00   0.149818E+00   0.519506E-01   0.448979E-01  -0.770873E-01  -0.795372E-01   0.348518E-01   0.232652E-01   0.189159E-01   0.389548E-01   0.495095E-01  -0.795372E-01  -0.895643E-02  -0.660335E-01  -0.553977E-01   0.941681E-01  -0.433153E-01   0.585852E-01   0.464678E-01   0.493440E-01   0.419485E-01   0.405730E-01   0.427980E-01   0.389400E-01   0.345431E-01   0.258922E-01   0.373191E-01   0.377126E-01   0.189186E-01   0.950845E-02   0.107151E-01  -0.414172E-02  -0.111291E-01  -0.285853E-01  -0.441513E-01  -0.761935E-01  -0.753758E-01  -0.106614E+00  -0.105833E+00   0.483955E-01
  0.892800E+06   0.138035E+00   0.375092E+00  -0.967049E-01   0.251027E+00  -0.352326E+00  -0.451773E+00  -0.507517E+00   0.253420E+00   0.433691E+00   0.376714E+00   0.252423E-01   0.466391E+00  -0.374329E-01   0.219423E-01  -0.285334E+00  -0.794661E-02  -0.777962E-02  -0.144942E+00  -0.150542E+00  -0.141678E+00  -0.421464E-01   0.702906E-01   0.592932E-01  -0.911734E-01  -0.103026E+00  -0.251087E+00  -0.257320E+00  -0.115033E+00  -0.128861E+00  -0.133557E+00  -0.109277E+00  -0.844196E-01  -0.257320E+00  -0.168601E+00  -0.223344E+00  -0.227357E+00   0.105329E+00  -0.213219E+00  -0.890058E-01  -0.100773E+00  -0.974125E-01  -0.107288E+00  -0.109245E+00  -0.107061E+00  -0.109912E+00  -0.115533E+00  -0.125897E+00  -0.111557E+00  -0.108052E+00  -0.133543E+00  -0.144509E+00  -0.143407E+00  -0.161744E+00  -0.169739E+00  -0.192728E+00  -0.212593E+00  -0.248992E+00  -0.249613E+00  -0.283347E+00  -0.282874E+00  -0.991929E-01
  0.896400E+06   0.185704E+00   0.183248E+00  -0.233417E+00   0.197761E+00  -0.456193E+00  -0.513693E+00  -0.546474E+00   0.493243E-01   0.375948E+00   0.278279E+00   0.254901E-01   0.459774E+00  -0.877928E-01  -0.631428E-02  -0.410718E+00  -0.493131E-01  -0.491486E-01  -0.254743E+00  -0.300234E+00  -0.292023E+00  -0.105447E+00  -0.184142E-01  -0.256549E-01  -0.235250E+00  -0.234013E+00  -0.390571E+00  -0.392411E+00  -0.249261E+00  -0.262179E+00  -0.199674E+00  -0.244166E+00  -0.203405E+00  -0.392411E+00  -0.306501E+00  -0.334762E+00  -0.366369E+00   0.109671E+00  -0.325034E+00  -0.223289E+00  -0.232707E+00  -0.228592E+00  -0.241580E+00  -0.244156E+00  -0.235138E+00  -0.244854E+00  -0.250161E+00  -0.260840E+00  -0.246097E+00  -0.244456E+00  -0.268675E+00  -0.279838E+00  -0.278204E+00  -0.296992E+00  -0.304989E+00  -0.328802E+00  -0.350730E+00  -0.385261E+00  -0.388941E+00  -0.415448E+00  -0.414601E+00  -0.232022E+00
  0.900000E+06   0.216587E+00  -0.561045E-01  -0.318227E+00   0.806840E-01  -0.465158E+00  -0.457608E+00  -0.459647E+00  -0.171531E+00   0.265065E+00   0.140395E+00   0.262454E-01   0.353538E+00  -0.123322E+00  -0.277456E-01  -0.452716E+00  -0.824882E-01  -0.823842E-01  -0.329586E+00  -0.415756E+00  -0.409846E+00  -0.161181E+00  -0.997706E-01  -0.107088E+00  -0.347403E+00  -0.348851E+00  -0.467053E+00  -0.467907E+00  -0.358381E+00  -0.372048E+00  -0.223145E+00  -0.357873E+00  -0.301896E+00  -0.467907E+00  -0.406141E+00  -0.393756E+00  -0.453614E+00   0.743172E-01  -0.388976E+00  -0.339509E+00  -0.348954E+00  -0.345515E+00  -0.355572E+00  -0.357149E+00  -0.316582E+00  -0.356943E+00  -0.362820E+00  -0.369834E+00  -0.359705E+00  -0.357949E+00  -0.378195E+00  -0.386614E+00  -0.383597E+00  -0.399668E+00  -0.404700E+00  -0.424523E+00  -0.439890E+00  -0.459522E+00  -0.465953E+00  -0.472265E+00  -0.470812E+00  -0.348547E+00
  0.903600E+06   0.203317E+00  -0.283609E+00  -0.349156E+00  -0.776045E-01  -0.366299E+00  -0.296785E+00  -0.264708E+00  -0.370931E+00   0.113746E+00  -0.212879E-01   0.270306E-01   0.190654E+00  -0.142886E+00  -0.490251E-01  -0.376259E+00  -0.107636E+00  -0.107591E+00  -0.342037E+00  -0.452747E+00  -0.451613E+00  -0.203644E+00  -0.166961E+00  -0.173633E+00  -0.422268E+00  -0.422814E+00  -0.422684E+00  -0.421462E+00  -0.413539E+00  -0.429345E+00  -0.234358E+00  -0.427274E+00  -0.358521E+00  -0.421462E+00  -0.434623E+00  -0.383556E+00  -0.433536E+00   0.922413E-01  -0.373932E+00  -0.416978E+00  -0.414142E+00  -0.414100E+00  -0.425426E+00  -0.423575E+00  -0.311617E+00  -0.426496E+00  -0.427765E+00  -0.424877E+00  -0.427816E+00  -0.426837E+00  -0.430884E+00  -0.431572E+00  -0.427100E+00  -0.433440E+00  -0.430098E+00  -0.434720E+00  -0.431473E+00  -0.421123E+00  -0.423592E+00  -0.399977E+00  -0.398486E+00  -0.422379E+00
  0.907200E+06   0.159285E+00  -0.474266E+00  -0.284399E+00  -0.228032E+00  -0.182941E+00  -0.681778E-01  -0.611511E-02  -0.498409E+00  -0.521485E-01  -0.183241E+00   0.278299E-01   0.174809E-01  -0.134358E+00  -0.666404E-01  -0.197257E+00  -0.114974E+00  -0.114982E+00  -0.227770E+00  -0.337936E+00  -0.348132E+00  -0.202682E+00  -0.205508E+00  -0.209015E+00  -0.383407E+00  -0.371787E+00  -0.225961E+00  -0.224627E+00  -0.355494E+00  -0.333919E+00  -0.210932E+00  -0.360398E+00  -0.295014E+00  -0.224627E+00  -0.297804E+00  -0.230419E+00  -0.252536E+00   0.578354E-01  -0.317124E+00  -0.389206E+00  -0.371562E+00  -0.369145E+00  -0.367005E+00  -0.365513E+00  -0.322582E+00  -0.358626E+00  -0.356651E+00  -0.346201E+00  -0.359102E+00  -0.359977E+00  -0.334230E+00  -0.323871E+00  -0.326196E+00  -0.306776E+00  -0.301492E+00  -0.279755E+00  -0.269944E+00  -0.227414E+00  -0.226639E+00  -0.203085E+00  -0.204337E+00  -0.371451E+00
  0.910800E+06   0.116301E+00  -0.596109E+00  -0.199851E+00  -0.268315E+00   0.191460E-01   0.175106E+00   0.257045E+00  -0.540217E+00  -0.205036E+00  -0.316655E+00   0.285642E-01  -0.144128E+00  -0.727886E-01  -0.620147E-01   0.537389E-02  -0.811848E-01  -0.813010E-01  -0.550568E-01  -0.156969E+00  -0.169575E+00  -0.884763E-01  -0.174297E+00  -0.170907E+00  -0.189627E+00  -0.186928E+00  -0.332527E-01  -0.309474E-01  -0.186339E+00  -0.162092E+00  -0.161887E+00  -0.181020E+00  -0.155125E+00  -0.309474E-01  -0.121091E+00  -0.507172E-01  -0.637578E-01   0.617081E-02  -0.140025E+00  -0.194376E+00  -0.188959E+00  -0.188006E+00  -0.185714E+00  -0.184651E+00  -0.184165E+00  -0.178858E+00  -0.179245E+00  -0.171273E+00  -0.180539E+00  -0.181731E+00  -0.161406E+00  -0.151321E+00  -0.153514E+00  -0.132452E+00  -0.126255E+00  -0.992609E-01  -0.837864E-01  -0.370194E-01  -0.354733E-01  -0.165508E-02  -0.318488E-02  -0.185344E+00
  0.914400E+06   0.740511E-01  -0.611306E+00  -0.985919E-01  -0.221633E+00   0.218540E+00   0.377615E+00   0.463221E+00  -0.496803E+00  -0.334524E+00  -0.405649E+00   0.291969E-01  -0.288369E+00   0.307428E-01   0.445855E-03   0.194603E+00   0.191290E-01   0.190585E-01   0.105023E+00   0.573950E-01   0.465596E-01   0.468963E-01  -0.707864E-01  -0.591516E-01   0.353424E-01   0.418714E-01   0.188130E+00   0.189881E+00   0.314684E-01   0.592535E-01   0.601448E-01   0.455341E-01   0.245627E-01   0.189881E+00   0.106350E+00   0.142782E+00   0.156727E+00  -0.616917E-01   0.529001E-01   0.222142E-01   0.374847E-01   0.360854E-01   0.382605E-01   0.364729E-01   0.435638E-01   0.472190E-01   0.455414E-01   0.503693E-01   0.457844E-01   0.452435E-01   0.619501E-01   0.716138E-01   0.682397E-01   0.919093E-01   0.964621E-01   0.122264E+00   0.137496E+00   0.182765E+00   0.185063E+00   0.214139E+00   0.212072E+00   0.370753E-01
  0.918000E+06   0.315106E-01  -0.488909E+00  -0.429856E-02  -0.184559E+00   0.381312E+00   0.487573E+00   0.566045E+00  -0.375164E+00  -0.420104E+00  -0.433181E+00   0.296757E-01  -0.402157E+00   0.111032E+00   0.643532E-01   0.357890E+00   0.943037E-01   0.942726E-01   0.260056E+00   0.273224E+00   0.262810E+00   0.142353E+00   0.607457E-01   0.813279E-01   0.239625E+00   0.248043E+00   0.377879E+00   0.377645E+00   0.233400E+00   0.262325E+00   0.263191E+00   0.251381E+00   0.256666E+00   0.377645E+00   0.302664E+00   0.324472E+00   0.345365E+00   0.271439E+00   0.216142E+00   0.227068E+00   0.240221E+00   0.239799E+00   0.243728E+00   0.241448E+00   0.249505E+00   0.253097E+00   0.250763E+00   0.254193E+00   0.251402E+00   0.251231E+00   0.265042E+00   0.273505E+00   0.270322E+00   0.289721E+00   0.295265E+00   0.317106E+00   0.330412E+00   0.373162E+00   0.375331E+00   0.391026E+00   0.388120E+00   0.242764E+00
  0.921600E+06  -0.101215E-01  -0.287105E+00   0.641410E-01  -0.151529E+00   0.449877E+00   0.488656E+00   0.543243E+00  -0.205581E+00  -0.437086E+00  -0.377340E+00   0.297812E-01  -0.466518E+00   0.168849E+00   0.103688E+00   0.435558E+00   0.150273E+00   0.150315E+00   0.402319E+00   0.441498E+00   0.436030E+00   0.227950E+00   0.187235E+00   0.209417E+00   0.403797E+00   0.411496E+00   0.476525E+00   0.475394E+00   0.384324E+00   0.420998E+00   0.419969E+00   0.414284E+00   0.418484E+00   0.475394E+00   0.440150E+00   0.427115E+00   0.463509E+00   0.429072E+00   0.357162E+00   0.392095E+00   0.403449E+00   0.403462E+00   0.405564E+00   0.400412E+00   0.414757E+00   0.416985E+00   0.410084E+00   0.406742E+00   0.413187E+00   0.415363E+00   0.418785E+00   0.422680E+00   0.416741E+00   0.432316E+00   0.431593E+00   0.448186E+00   0.449884E+00   0.473785E+00   0.475428E+00   0.473160E+00   0.469243E+00   0.407158E+00
  0.925200E+06  -0.489129E-01  -0.993955E-01   0.982563E-01  -0.131829E+00   0.394599E+00   0.381445E+00   0.404472E+00  -0.418336E-01  -0.365104E+00  -0.271500E+00   0.294419E-01  -0.444099E+00   0.199631E+00   0.129694E+00   0.403511E+00   0.185462E+00   0.185597E+00   0.403587E+00   0.483911E+00   0.485346E+00   0.276313E+00   0.286519E+00   0.306872E+00   0.480363E+00   0.484575E+00   0.461366E+00   0.459356E+00   0.434257E+00   0.486033E+00   0.481526E+00   0.484237E+00   0.487132E+00   0.459356E+00   0.476007E+00   0.424045E+00   0.470285E+00   0.479749E+00   0.395183E+00   0.465994E+00   0.478375E+00   0.478215E+00   0.473399E+00   0.463694E+00   0.486534E+00   0.487651E+00   0.474760E+00   0.461317E+00   0.481686E+00   0.486146E+00   0.476109E+00   0.473713E+00   0.463636E+00   0.475766E+00   0.465551E+00   0.473293E+00   0.461418E+00   0.461665E+00   0.462062E+00   0.436154E+00   0.432177E+00   0.480489E+00
  0.928800E+06  -0.812769E-01   0.404575E-01   0.100770E+00  -0.879373E-01   0.227597E+00   0.197140E+00   0.186241E+00   0.817556E-01  -0.261161E+00  -0.154457E+00   0.286194E-01  -0.354979E+00   0.191434E+00   0.137359E+00   0.263988E+00   0.188180E+00   0.188425E+00   0.295493E+00   0.363277E+00   0.370961E+00   0.260070E+00   0.321401E+00   0.325401E+00   0.419553E+00   0.419505E+00   0.320983E+00   0.318510E+00   0.357313E+00   0.399894E+00   0.390168E+00   0.410531E+00   0.408919E+00   0.318510E+00   0.364055E+00   0.306217E+00   0.338756E+00   0.378603E+00   0.300554E+00   0.407636E+00   0.419957E+00   0.418428E+00   0.400994E+00   0.389913E+00   0.417144E+00   0.414156E+00   0.396132E+00   0.377012E+00   0.405948E+00   0.411904E+00   0.385965E+00   0.377554E+00   0.368843E+00   0.370539E+00   0.357192E+00   0.354303E+00   0.337817E+00   0.323577E+00   0.322226E+00   0.287753E+00   0.284542E+00   0.416256E+00
  0.932400E+06  -0.951835E-01   0.144812E+00   0.426483E-01   0.373075E-01   0.402789E-01  -0.205382E-01  -0.578949E-01   0.158858E+00  -0.135382E+00  -0.446949E-01   0.280006E-01  -0.231539E+00   0.139976E+00   0.122449E+00   0.950333E-01   0.147972E+00   0.148224E+00   0.153886E+00   0.203733E+00   0.208392E+00   0.164535E+00   0.265808E+00   0.256162E+00   0.246640E+00   0.248146E+00   0.148324E+00   0.144476E+00   0.204596E+00   0.234266E+00   0.227125E+00   0.243384E+00   0.242614E+00   0.144476E+00   0.196104E+00   0.158919E+00   0.164486E+00   0.223688E+00   0.145134E+00   0.239875E+00   0.250873E+00   0.251030E+00   0.234879E+00   0.225631E+00   0.248096E+00   0.246938E+00   0.231070E+00   0.214386E+00   0.239684E+00   0.245156E+00   0.221219E+00   0.212333E+00   0.205704E+00   0.203434E+00   0.192352E+00   0.186015E+00   0.167263E+00   0.152303E+00   0.150543E+00   0.113172E+00   0.111311E+00   0.247400E+00
  0.936000E+06  -0.757482E-01   0.199901E+00  -0.315612E-01   0.144043E+00  -0.140740E+00  -0.217502E+00  -0.266396E+00   0.161880E+00  -0.125028E-01   0.447705E-01   0.275696E-01  -0.874805E-01   0.493537E-01   0.772744E-01  -0.790927E-01   0.665406E-01   0.668073E-01   0.144928E-01   0.387066E-01   0.433883E-01   0.485279E-01   0.176895E+00   0.158173E+00   0.801571E-01   0.781203E-01  -0.366498E-01  -0.396925E-01   0.450619E-01   0.559663E-01   0.501192E-01   0.707483E-01   0.792221E-01  -0.396925E-01   0.250420E-01  -0.258095E-01  -0.166093E-01   0.109559E+00  -0.213713E-01   0.807362E-01   0.787071E-01   0.814456E-01   0.674194E-01   0.615148E-01   0.764727E-01   0.727169E-01   0.610553E-01   0.473787E-01   0.674627E-01   0.722060E-01   0.471726E-01   0.378133E-01   0.350927E-01   0.270080E-01   0.174216E-01   0.761891E-02  -0.120556E-01  -0.346277E-01  -0.343234E-01  -0.682296E-01  -0.692235E-01   0.788257E-01
  0.939600E+06  -0.441110E-01   0.198199E+00  -0.908570E-01   0.126376E+00  -0.274479E+00  -0.337315E+00  -0.389839E+00   0.109215E+00   0.734292E-01   0.945704E-01   0.272165E-01   0.331100E-01  -0.310256E-01   0.211943E-01  -0.231070E+00  -0.351635E-02  -0.328510E-02  -0.105226E+00  -0.118690E+00  -0.113537E+00  -0.264322E-01   0.865952E-01   0.727834E-01  -0.574527E-01  -0.612416E-01  -0.190216E+00  -0.192783E+00  -0.905122E-01  -0.846211E-01  -0.937065E-01  -0.704495E-01  -0.487864E-01  -0.192783E+00  -0.119945E+00  -0.169788E+00  -0.167054E+00   0.893290E-01  -0.160405E+00  -0.561839E-01  -0.600538E-01  -0.568252E-01  -0.716595E-01  -0.767220E-01  -0.645475E-01  -0.701559E-01  -0.791806E-01  -0.919358E-01  -0.733994E-01  -0.699117E-01  -0.945913E-01  -0.104355E+00  -0.105968E+00  -0.118526E+00  -0.126398E+00  -0.140721E+00  -0.160311E+00  -0.187558E+00  -0.187851E+00  -0.217692E+00  -0.218246E+00  -0.597157E-01
  0.943200E+06  -0.123069E-01   0.132188E+00  -0.114206E+00   0.119413E+00  -0.324340E+00  -0.354488E+00  -0.398016E+00   0.248140E-01   0.117605E+00   0.963629E-01   0.270861E-01   0.123450E+00  -0.748666E-01  -0.493395E-02  -0.308665E+00  -0.403484E-01  -0.400947E-01  -0.190059E+00  -0.247325E+00  -0.244971E+00  -0.818132E-01   0.651816E-02  -0.419613E-02  -0.172893E+00  -0.171075E+00  -0.281605E+00  -0.283870E+00  -0.205535E+00  -0.195071E+00  -0.182917E+00  -0.181290E+00  -0.147137E+00  -0.283870E+00  -0.226455E+00  -0.253066E+00  -0.264412E+00   0.710007E-01  -0.230013E+00  -0.169600E+00  -0.168982E+00  -0.166093E+00  -0.183902E+00  -0.189950E+00  -0.173556E+00  -0.179475E+00  -0.190623E+00  -0.203147E+00  -0.184425E+00  -0.180813E+00  -0.204390E+00  -0.212984E+00  -0.214199E+00  -0.223555E+00  -0.231290E+00  -0.242216E+00  -0.259815E+00  -0.277933E+00  -0.279539E+00  -0.299345E+00  -0.299847E+00  -0.170389E+00
  0.946800E+06   0.193484E-01   0.241923E-01  -0.920707E-01   0.678825E-01  -0.274505E+00  -0.268265E+00  -0.296295E+00  -0.413141E-01   0.115106E+00   0.714093E-01   0.272683E-01   0.161246E+00  -0.943480E-01  -0.191549E-01  -0.281279E+00  -0.617065E-01  -0.615098E-01  -0.218537E+00  -0.317464E+00  -0.319129E+00  -0.118963E+00  -0.632353E-01  -0.743489E-01  -0.231583E+00  -0.243730E+00  -0.278304E+00  -0.278675E+00  -0.273636E+00  -0.256563E+00  -0.195127E+00  -0.250601E+00  -0.204283E+00  -0.278675E+00  -0.269341E+00  -0.260417E+00  -0.277147E+00   0.916038E-01  -0.237184E+00  -0.247620E+00  -0.244067E+00  -0.241615E+00  -0.256007E+00  -0.261420E+00  -0.240589E+00  -0.247357E+00  -0.259239E+00  -0.266947E+00  -0.253684E+00  -0.249278E+00  -0.264353E+00  -0.267676E+00  -0.269488E+00  -0.268652E+00  -0.273363E+00  -0.272340E+00  -0.281064E+00  -0.276398E+00  -0.277488E+00  -0.277774E+00  -0.278432E+00  -0.245454E+00
  0.950400E+06   0.451062E-01  -0.683895E-01  -0.208926E-01  -0.157569E-01  -0.141265E+00  -0.104429E+00  -0.114915E+00  -0.638110E-01   0.871447E-01   0.483638E-01   0.276984E-01   0.138183E+00  -0.861251E-01  -0.269229E-01  -0.155633E+00  -0.654476E-01  -0.653255E-01  -0.145982E+00  -0.250256E+00  -0.267799E+00  -0.122175E+00  -0.105550E+00  -0.114444E+00  -0.224990E+00  -0.215005E+00  -0.138153E+00  -0.137875E+00  -0.245712E+00  -0.197714E+00  -0.180110E+00  -0.211641E+00  -0.165982E+00  -0.137875E+00  -0.177299E+00  -0.140766E+00  -0.150834E+00   0.680166E-01  -0.204917E+00  -0.237605E+00  -0.215101E+00  -0.214014E+00  -0.225008E+00  -0.231974E+00  -0.207001E+00  -0.206522E+00  -0.218765E+00  -0.221844E+00  -0.213788E+00  -0.209468E+00  -0.205158E+00  -0.200010E+00  -0.207277E+00  -0.184700E+00  -0.188118E+00  -0.165476E+00  -0.169944E+00  -0.137686E+00  -0.137735E+00  -0.132451E+00  -0.134998E+00  -0.218170E+00
  0.954000E+06   0.543782E-01  -0.118820E+00   0.884807E-01  -0.356436E-01   0.346637E-01   0.917754E-01   0.944267E-01  -0.297823E-01   0.561244E-01   0.378429E-01   0.279952E-01   0.767207E-01  -0.338004E-01  -0.218310E-01   0.252040E-01  -0.365598E-01  -0.365164E-01   0.489854E-02  -0.100579E+00  -0.116108E+00  -0.315225E-01  -0.809314E-01  -0.856172E-01  -0.603847E-01  -0.497961E-01   0.327025E-01   0.336029E-01  -0.111101E+00  -0.420219E-01  -0.461914E-01  -0.534688E-01  -0.406579E-01   0.336029E-01  -0.199702E-01   0.220385E-01   0.162940E-01   0.208000E-01  -0.727268E-01  -0.821981E-01  -0.526807E-01  -0.547494E-01  -0.694195E-01  -0.804509E-01  -0.488509E-01  -0.478354E-01  -0.641770E-01  -0.726474E-01  -0.567092E-01  -0.515953E-01  -0.511540E-01  -0.461194E-01  -0.562816E-01  -0.290057E-01  -0.336683E-01  -0.595492E-02  -0.666460E-02   0.322504E-01   0.320330E-01   0.427595E-01   0.388813E-01  -0.583192E-01
  0.957600E+06   0.346828E-01  -0.102131E+00   0.204159E+00   0.137025E-01   0.208549E+00   0.268075E+00   0.276001E+00   0.576098E-01   0.360451E-01   0.476728E-01   0.282486E-01   0.192761E-01   0.584661E-01   0.320528E-01   0.192902E+00   0.531691E-01   0.533234E-01   0.145017E+00   0.854582E-01   0.717104E-01   0.909806E-01   0.165042E-02   0.803358E-02   0.123569E+00   0.136454E+00   0.227538E+00   0.226175E+00   0.691455E-01   0.142321E+00   0.139401E+00   0.134237E+00   0.141859E+00   0.226175E+00   0.171632E+00   0.190664E+00   0.202506E+00   0.104102E+00   0.787840E-01   0.986691E-01   0.131364E+00   0.129182E+00   0.116521E+00   0.103522E+00   0.132385E+00   0.140571E+00   0.122509E+00   0.112252E+00   0.130800E+00   0.139387E+00   0.134898E+00   0.140262E+00   0.129406E+00   0.157878E+00   0.153889E+00   0.182868E+00   0.182069E+00   0.225124E+00   0.225622E+00   0.231110E+00   0.226113E+00   0.127282E+00
  0.961200E+06   0.771894E-02  -0.137161E-01   0.303093E+00   0.594455E-01   0.358822E+00   0.377060E+00   0.380145E+00   0.164211E+00   0.561642E-01   0.896700E-01   0.285162E-01   0.679758E-02   0.130643E+00   0.873062E-01   0.343166E+00   0.121343E+00   0.121558E+00   0.286889E+00   0.275902E+00   0.262954E+00   0.174359E+00   0.113465E+00   0.125373E+00   0.294005E+00   0.307329E+00   0.397746E+00   0.396340E+00   0.233888E+00   0.317868E+00   0.314476E+00   0.306808E+00   0.314394E+00   0.396340E+00   0.341784E+00   0.352632E+00   0.372883E+00   0.327024E+00   0.227198E+00   0.267967E+00   0.299847E+00   0.297839E+00   0.287265E+00   0.273225E+00   0.311362E+00   0.313090E+00   0.293913E+00   0.282071E+00   0.303137E+00   0.310738E+00   0.307754E+00   0.312600E+00   0.299768E+00   0.329529E+00   0.324328E+00   0.352523E+00   0.350762E+00   0.396322E+00   0.396667E+00   0.394106E+00   0.387687E+00   0.297895E+00
  0.964800E+06  -0.130904E-01   0.129212E+00   0.370118E+00   0.889591E-01   0.425034E+00   0.388868E+00   0.374645E+00   0.285909E+00   0.101919E+00   0.150022E+00   0.288993E-01   0.460936E-01   0.181598E+00   0.121557E+00   0.414788E+00   0.169815E+00   0.170057E+00   0.420060E+00   0.420997E+00   0.412323E+00   0.253466E+00   0.226612E+00   0.242201E+00   0.432901E+00   0.445758E+00   0.488308E+00   0.486417E+00   0.368602E+00   0.456800E+00   0.452220E+00   0.446464E+00   0.454202E+00   0.486417E+00   0.463519E+00   0.445600E+00   0.479524E+00   0.457509E+00   0.349450E+00   0.407983E+00   0.437224E+00   0.435939E+00   0.426654E+00   0.411349E+00   0.450436E+00   0.452493E+00   0.432289E+00   0.416141E+00   0.442646E+00   0.451028E+00   0.442722E+00   0.444084E+00   0.429250E+00   0.455669E+00   0.446195E+00   0.469391E+00   0.459715E+00   0.488022E+00   0.488160E+00   0.471189E+00   0.464606E+00   0.437163E+00
  0.968400E+06  -0.185699E-01   0.281899E+00   0.388394E+00   0.109523E+00   0.364828E+00   0.294788E+00   0.260361E+00   0.407736E+00   0.176928E+00   0.232538E+00   0.290549E-01   0.124595E+00   0.209267E+00   0.146561E+00   0.380933E+00   0.201047E+00   0.201331E+00   0.414806E+00   0.452603E+00   0.448210E+00   0.297340E+00   0.315685E+00   0.330539E+00   0.498235E+00   0.505838E+00   0.468448E+00   0.465596E+00   0.419357E+00   0.503980E+00   0.496699E+00   0.502484E+00   0.506443E+00   0.465596E+00   0.487737E+00   0.437411E+00   0.478482E+00   0.494053E+00   0.402499E+00   0.475744E+00   0.500451E+00   0.499186E+00   0.485489E+00   0.468938E+00   0.507526E+00   0.507769E+00   0.486560E+00   0.464739E+00   0.498044E+00   0.505684E+00   0.487810E+00   0.483885E+00   0.468661E+00   0.487300E+00   0.471960E+00   0.483866E+00   0.465591E+00   0.470681E+00   0.469919E+00   0.433049E+00   0.427136E+00   0.499570E+00
  0.972000E+06   0.654307E-02   0.399633E+00   0.357401E+00   0.156334E+00   0.206697E+00   0.117910E+00   0.636779E-01   0.486624E+00   0.281155E+00   0.332127E+00   0.290579E-01   0.236097E+00   0.202953E+00   0.156712E+00   0.256676E+00   0.203401E+00   0.203727E+00   0.304930E+00   0.335433E+00   0.343382E+00   0.278446E+00   0.346863E+00   0.346802E+00   0.429370E+00   0.430967E+00   0.325431E+00   0.322395E+00   0.345663E+00   0.409339E+00   0.397389E+00   0.420625E+00   0.419754E+00   0.322395E+00   0.370890E+00   0.317597E+00   0.344017E+00   0.386511E+00   0.300252E+00   0.412216E+00   0.432494E+00   0.430319E+00   0.406974E+00   0.391382E+00   0.428463E+00   0.425531E+00   0.402241E+00   0.377472E+00   0.414938E+00   0.422562E+00   0.391980E+00   0.382562E+00   0.370493E+00   0.376719E+00   0.360302E+00   0.360782E+00   0.339957E+00   0.329061E+00   0.327079E+00   0.287426E+00   0.283001E+00   0.426418E+00
  0.975600E+06   0.456922E-01   0.464985E+00   0.243922E+00   0.261870E+00   0.166221E-01  -0.982169E-01  -0.165719E+00   0.482709E+00   0.381135E+00   0.408872E+00   0.290186E-01   0.349791E+00   0.156871E+00   0.146729E+00   0.906880E-01   0.169338E+00   0.169718E+00   0.161278E+00   0.188206E+00   0.192628E+00   0.183588E+00   0.285173E+00   0.268682E+00   0.259236E+00   0.263770E+00   0.153784E+00   0.149633E+00   0.189133E+00   0.247227E+00   0.237627E+00   0.256631E+00   0.256839E+00   0.149633E+00   0.204916E+00   0.163392E+00   0.169467E+00   0.232345E+00   0.136897E+00   0.244903E+00   0.265670E+00   0.265910E+00   0.242385E+00   0.226966E+00   0.264313E+00   0.261913E+00   0.238484E+00   0.214138E+00   0.251236E+00   0.259548E+00   0.228474E+00   0.218319E+00   0.206905E+00   0.210922E+00   0.195152E+00   0.193370E+00   0.168082E+00   0.157876E+00   0.156082E+00   0.110300E+00   0.106308E+00   0.260956E+00
  0.979200E+06   0.905792E-01   0.460584E+00   0.928432E-01   0.261277E+00  -0.171055E+00  -0.298029E+00  -0.371913E+00   0.390463E+00   0.450062E+00   0.433456E+00   0.289655E-01   0.447871E+00   0.674155E-01   0.101476E+00  -0.873889E-01   0.891383E-01   0.895630E-01   0.246791E-01   0.292960E-01   0.351340E-01   0.732528E-01   0.183897E+00   0.159437E+00   0.942965E-01   0.975972E-01  -0.284441E-01  -0.321797E-01   0.262656E-01   0.785659E-01   0.697215E-01   0.896828E-01   0.942649E-01  -0.321797E-01   0.366984E-01  -0.150695E-01  -0.116798E-01   0.117163E+00  -0.413127E-01   0.828520E-01   0.968441E-01   0.988530E-01   0.762036E-01   0.618930E-01   0.980867E-01   0.952424E-01   0.712182E-01   0.471386E-01   0.840547E-01   0.942966E-01   0.590473E-01   0.476922E-01   0.375681E-01   0.388767E-01   0.222017E-01   0.190738E-01  -0.114759E-01  -0.262615E-01  -0.263418E-01  -0.727979E-01  -0.769688E-01   0.949845E-01
  0.982800E+06   0.141045E+00   0.366019E+00  -0.547119E-01   0.189026E+00  -0.324678E+00  -0.439934E+00  -0.502121E+00   0.227114E+00   0.451451E+00   0.380019E+00   0.291051E-01   0.497624E+00  -0.801154E-02   0.491041E-01  -0.248907E+00   0.266252E-01   0.270553E-01  -0.982634E-01  -0.126188E+00  -0.118373E+00   0.263614E-02   0.855435E-01   0.681061E-01  -0.514072E-01  -0.432019E-01  -0.190486E+00  -0.193853E+00  -0.120050E+00  -0.651882E-01  -0.715050E-01  -0.540235E-01  -0.336395E-01  -0.193853E+00  -0.112535E+00  -0.164881E+00  -0.170492E+00   0.970128E-01  -0.203111E+00  -0.642179E-01  -0.461885E-01  -0.427842E-01  -0.685896E-01  -0.842883E-01  -0.421876E-01  -0.493701E-01  -0.737148E-01  -0.990693E-01  -0.599712E-01  -0.481819E-01  -0.866132E-01  -0.985838E-01  -0.109184E+00  -0.108889E+00  -0.127081E+00  -0.133396E+00  -0.168293E+00  -0.187412E+00  -0.188627E+00  -0.235225E+00  -0.239304E+00  -0.476022E-01
  0.986400E+06   0.188338E+00   0.180364E+00  -0.175063E+00   0.110625E+00  -0.411198E+00  -0.482934E+00  -0.520776E+00   0.278655E-01   0.373886E+00   0.267995E+00   0.297403E-01   0.457417E+00  -0.540415E-01   0.238024E-01  -0.359757E+00  -0.119353E-01  -0.115570E-01  -0.199525E+00  -0.266032E+00  -0.259344E+00  -0.563928E-01  -0.638388E-02  -0.197267E-01  -0.189194E+00  -0.175500E+00  -0.318225E+00  -0.319351E+00  -0.250180E+00  -0.196379E+00  -0.185219E+00  -0.185482E+00  -0.148832E+00  -0.319351E+00  -0.243246E+00  -0.273350E+00  -0.297975E+00   0.927249E-01  -0.303559E+00  -0.196822E+00  -0.175393E+00  -0.172491E+00  -0.200829E+00  -0.216445E+00  -0.170952E+00  -0.179656E+00  -0.205441E+00  -0.229994E+00  -0.191496E+00  -0.178995E+00  -0.217587E+00  -0.229168E+00  -0.239063E+00  -0.237914E+00  -0.255878E+00  -0.261608E+00  -0.296648E+00  -0.310697E+00  -0.314250E+00  -0.352596E+00  -0.356017E+00  -0.178965E+00
  0.990000E+06   0.216597E+00  -0.556311E-01  -0.255096E+00  -0.124491E-01  -0.407517E+00  -0.415100E+00  -0.420586E+00  -0.175926E+00   0.251756E+00   0.124085E+00   0.307021E-01   0.330546E+00  -0.848608E-01   0.645468E-02  -0.390942E+00  -0.414190E-01  -0.411294E-01  -0.265194E+00  -0.369793E+00  -0.365688E+00  -0.106110E+00  -0.894345E-01  -0.102217E+00  -0.299454E+00  -0.283827E+00  -0.379669E+00  -0.381052E+00  -0.349555E+00  -0.297144E+00  -0.206069E+00  -0.292559E+00  -0.239320E+00  -0.381052E+00  -0.334655E+00  -0.330287E+00  -0.372871E+00   0.593404E-01  -0.355050E+00  -0.306234E+00  -0.286696E+00  -0.284783E+00  -0.307798E+00  -0.321776E+00  -0.270277E+00  -0.286634E+00  -0.310793E+00  -0.330806E+00  -0.298121E+00  -0.285885E+00  -0.317829E+00  -0.326306E+00  -0.335314E+00  -0.332492E+00  -0.345199E+00  -0.345651E+00  -0.373465E+00  -0.374389E+00  -0.378704E+00  -0.396759E+00  -0.399084E+00  -0.288774E+00
  0.993600E+06   0.200511E+00  -0.283277E+00  -0.271497E+00  -0.173128E+00  -0.300970E+00  -0.251956E+00  -0.222120E+00  -0.353870E+00   0.943433E-01  -0.367591E-01   0.316953E-01   0.160438E+00  -0.979252E-01  -0.913524E-02  -0.309912E+00  -0.611776E-01  -0.609883E-01  -0.266474E+00  -0.383276E+00  -0.386811E+00  -0.141974E+00  -0.156324E+00  -0.167378E+00  -0.357566E+00  -0.348388E+00  -0.326917E+00  -0.326060E+00  -0.386625E+00  -0.344572E+00  -0.214732E+00  -0.351997E+00  -0.283285E+00  -0.326060E+00  -0.346592E+00  -0.305319E+00  -0.342144E+00   0.713213E-01  -0.346173E+00  -0.371405E+00  -0.350066E+00  -0.348599E+00  -0.365610E+00  -0.373879E+00  -0.320299E+00  -0.346277E+00  -0.363369E+00  -0.370098E+00  -0.355675E+00  -0.345876E+00  -0.358149E+00  -0.357755E+00  -0.363110E+00  -0.350411E+00  -0.355031E+00  -0.342631E+00  -0.350828E+00  -0.326183E+00  -0.327829E+00  -0.317029E+00  -0.318790E+00  -0.354150E+00
  0.997200E+06   0.157419E+00  -0.460076E+00  -0.224710E+00  -0.273870E+00  -0.119374E+00  -0.321127E-01   0.295799E-01  -0.466032E+00  -0.663839E-01  -0.190735E+00   0.322852E-01  -0.701060E-02  -0.801837E-01  -0.200255E-01  -0.125717E+00  -0.612292E-01  -0.611255E-01  -0.150398E+00  -0.260815E+00  -0.270140E+00  -0.130377E+00  -0.189178E+00  -0.194214E+00  -0.304754E+00  -0.283730E+00  -0.149817E+00  -0.148439E+00  -0.317805E+00  -0.244062E+00  -0.189748E+00  -0.271826E+00  -0.213463E+00  -0.148439E+00  -0.215213E+00  -0.153620E+00  -0.176744E+00   0.382923E-01  -0.287050E+00  -0.327660E+00  -0.283030E+00  -0.282606E+00  -0.293026E+00  -0.303160E+00  -0.291653E+00  -0.265127E+00  -0.279942E+00  -0.283223E+00  -0.273587E+00  -0.265791E+00  -0.255479E+00  -0.247383E+00  -0.259101E+00  -0.226407E+00  -0.229722E+00  -0.197765E+00  -0.200577E+00  -0.150735E+00  -0.150963E+00  -0.134081E+00  -0.137769E+00  -0.290359E+00
  0.100080E+07   0.115136E+00  -0.555047E+00  -0.155248E+00  -0.265874E+00   0.665517E-01   0.195541E+00   0.277601E+00  -0.504552E+00  -0.214158E+00  -0.317282E+00   0.328041E-01  -0.162838E+00  -0.894130E-02  -0.585545E-02   0.607617E-01  -0.163783E-01  -0.163841E-01   0.906836E-02  -0.822543E-01  -0.921182E-01  -0.991215E-02  -0.151974E+00  -0.151530E+00  -0.122350E+00  -0.111131E+00   0.291281E-01   0.313042E-01  -0.146006E+00  -0.844530E-01  -0.839139E-01  -0.105881E+00  -0.848282E-01   0.313042E-01  -0.502004E-01   0.126364E-01  -0.110138E-02  -0.753899E-02  -0.113083E+00  -0.138677E+00  -0.113438E+00  -0.113459E+00  -0.120116E+00  -0.127386E+00  -0.103210E+00  -0.101287E+00  -0.112021E+00  -0.113685E+00  -0.107533E+00  -0.102560E+00  -0.924902E-01  -0.838624E-01  -0.929059E-01  -0.624508E-01  -0.627020E-01  -0.298112E-01  -0.246567E-01   0.268182E-01   0.269816E-01   0.517386E-01   0.480688E-01  -0.115590E+00
  0.100440E+07   0.728595E-01  -0.539511E+00  -0.719876E-01  -0.226542E+00   0.248396E+00   0.379964E+00   0.465744E+00  -0.469207E+00  -0.336582E+00  -0.401074E+00   0.331933E-01  -0.299708E+00   0.898913E-01   0.628957E-01   0.234052E+00   0.828727E-01   0.829458E-01   0.156544E+00   0.122091E+00   0.113753E+00   0.110722E+00  -0.574657E-01  -0.467119E-01   0.807181E-01   0.964082E-01   0.228942E+00   0.229334E+00   0.613286E-01   0.115591E+00   0.117234E+00   0.100197E+00   0.783108E-01   0.229334E+00   0.155452E+00   0.188069E+00   0.195129E+00  -0.657403E-01   0.590147E-01   0.619554E-01   0.909324E-01   0.889515E-01   0.864133E-01   0.785289E-01   0.101992E+00   0.103926E+00   0.951406E-01   0.929340E-01   0.991723E-01   0.104155E+00   0.112834E+00   0.121205E+00   0.112997E+00   0.141979E+00   0.142003E+00   0.170591E+00   0.177150E+00   0.224671E+00   0.225890E+00   0.247094E+00   0.243268E+00   0.886816E-01
  0.100800E+07   0.302706E-01  -0.420010E+00   0.453968E-02  -0.194443E+00   0.389433E+00   0.473950E+00   0.551567E+00  -0.363500E+00  -0.415413E+00  -0.427373E+00   0.333797E-01  -0.405412E+00   0.165462E+00   0.121035E+00   0.375130E+00   0.152632E+00   0.152679E+00   0.293521E+00   0.319204E+00   0.311487E+00   0.197532E+00   0.656304E-01   0.836610E-01   0.260500E+00   0.272974E+00   0.388845E+00   0.388965E+00   0.241776E+00   0.292156E+00   0.294226E+00   0.277219E+00   0.284238E+00   0.388965E+00   0.324233E+00   0.341729E+00   0.359753E+00   0.307307E+00   0.214817E+00   0.243105E+00   0.265416E+00   0.264388E+00   0.265518E+00   0.258941E+00   0.277548E+00   0.280183E+00   0.273428E+00   0.271741E+00   0.276500E+00   0.280233E+00   0.289279E+00   0.296530E+00   0.289215E+00   0.312092E+00   0.313806E+00   0.336929E+00   0.343415E+00   0.385478E+00   0.386767E+00   0.397846E+00   0.393707E+00   0.266219E+00
  0.101160E+07  -0.108949E-01  -0.264017E+00   0.600459E-01  -0.162909E+00   0.432241E+00   0.462452E+00   0.518926E+00  -0.213609E+00  -0.429909E+00  -0.383136E+00   0.333130E-01  -0.463350E+00   0.214562E+00   0.156990E+00   0.427540E+00   0.200572E+00   0.200652E+00   0.404390E+00   0.456456E+00   0.454974E+00   0.268853E+00   0.184050E+00   0.203858E+00   0.397890E+00   0.409326E+00   0.461172E+00   0.460484E+00   0.368898E+00   0.422853E+00   0.421856E+00   0.412512E+00   0.418483E+00   0.460484E+00   0.434012E+00   0.418743E+00   0.450158E+00   0.427406E+00   0.337956E+00   0.381962E+00   0.401058E+00   0.400533E+00   0.400062E+00   0.391493E+00   0.413773E+00   0.415856E+00   0.405593E+00   0.397854E+00   0.410885E+00   0.415610E+00   0.415451E+00   0.418048E+00   0.408714E+00   0.427421E+00   0.423066E+00   0.439791E+00   0.436624E+00   0.459485E+00   0.460295E+00   0.453815E+00   0.449465E+00   0.403169E+00
  0.101520E+07  -0.490275E-01  -0.128895E+00   0.875079E-01  -0.138572E+00   0.357749E+00   0.353219E+00   0.379400E+00  -0.716570E-01  -0.365888E+00  -0.289396E+00   0.328257E-01  -0.443535E+00   0.234858E+00   0.178150E+00   0.377688E+00   0.225605E+00   0.225744E+00   0.382894E+00   0.457426E+00   0.459421E+00   0.298523E+00   0.273116E+00   0.290808E+00   0.449666E+00   0.455108E+00   0.421913E+00   0.420062E+00   0.401682E+00   0.453834E+00   0.449070E+00   0.453454E+00   0.455656E+00   0.420062E+00   0.440334E+00   0.393451E+00   0.431430E+00   0.445736E+00   0.358704E+00   0.435150E+00   0.450764E+00   0.450122E+00   0.442538E+00   0.431960E+00   0.456456E+00   0.456672E+00   0.443286E+00   0.428523E+00   0.450687E+00   0.455500E+00   0.443360E+00   0.440182E+00   0.429924E+00   0.441175E+00   0.430377E+00   0.436654E+00   0.423982E+00   0.422947E+00   0.422776E+00   0.397503E+00   0.393715E+00   0.450956E+00
  0.101880E+07  -0.800796E-01  -0.150833E-01   0.907600E-01  -0.860187E-01   0.195132E+00   0.176734E+00   0.170532E+00   0.332362E-01  -0.270095E+00  -0.185316E+00   0.322750E-01  -0.359456E+00   0.215987E+00   0.180458E+00   0.234704E+00   0.217192E+00   0.217404E+00   0.265069E+00   0.327533E+00   0.336256E+00   0.262042E+00   0.295754E+00   0.298536E+00   0.369029E+00   0.365020E+00   0.274021E+00   0.271730E+00   0.320526E+00   0.345620E+00   0.338294E+00   0.357085E+00   0.354450E+00   0.271730E+00   0.313618E+00   0.270819E+00   0.289939E+00   0.327899E+00   0.266956E+00   0.361719E+00   0.367995E+00   0.366878E+00   0.351994E+00   0.344220E+00   0.361727E+00   0.359434E+00   0.346573E+00   0.331625E+00   0.353687E+00   0.357493E+00   0.335720E+00   0.328013E+00   0.322406E+00   0.320308E+00   0.310171E+00   0.305000E+00   0.291653E+00   0.276631E+00   0.275297E+00   0.246368E+00   0.244199E+00   0.364353E+00
  0.102240E+07  -0.968488E-01   0.890331E-01   0.506868E-01   0.432377E-01   0.248561E-01  -0.277493E-01  -0.556757E-01   0.100761E+00  -0.155185E+00  -0.865261E-01   0.321135E-01  -0.245120E+00   0.154017E+00   0.157716E+00   0.764659E-01   0.166865E+00   0.167135E+00   0.135809E+00   0.178747E+00   0.183447E+00   0.154775E+00   0.243524E+00   0.232156E+00   0.209291E+00   0.209442E+00   0.117536E+00   0.114220E+00   0.170260E+00   0.195570E+00   0.188910E+00   0.203909E+00   0.203081E+00   0.114220E+00   0.160674E+00   0.123747E+00   0.131724E+00   0.185834E+00   0.117690E+00   0.203968E+00   0.211003E+00   0.211812E+00   0.197161E+00   0.189166E+00   0.208305E+00   0.206667E+00   0.193121E+00   0.178284E+00   0.200653E+00   0.205237E+00   0.183653E+00   0.175554E+00   0.169904E+00   0.167392E+00   0.157406E+00   0.151327E+00   0.134409E+00   0.119778E+00   0.119317E+00   0.870005E-01   0.851303E-01   0.208739E+00
  0.102600E+07  -0.883434E-01   0.161231E+00  -0.153431E-01   0.132308E+00  -0.134153E+00  -0.203284E+00  -0.243996E+00   0.110700E+00  -0.416476E-01  -0.387862E-02   0.324292E-01  -0.111358E+00   0.648473E-01   0.101640E+00  -0.798995E-01   0.841257E-01   0.843587E-01   0.156819E-01   0.265635E-01   0.318657E-01   0.663636E-01   0.157527E+00   0.138229E+00   0.608153E-01   0.604659E-01  -0.409900E-01  -0.451626E-01   0.228477E-01   0.423129E-01   0.346995E-01   0.525901E-01   0.631662E-01  -0.451626E-01   0.112477E-01  -0.296324E-01  -0.255853E-01   0.111668E+00  -0.308366E-01   0.589761E-01   0.605406E-01   0.630911E-01   0.475613E-01   0.406312E-01   0.606270E-01   0.551569E-01   0.419211E-01   0.277272E-01   0.491383E-01   0.553865E-01   0.300672E-01   0.213863E-01   0.173656E-01   0.122144E-01   0.258527E-02  -0.447886E-02  -0.234567E-01  -0.387716E-01  -0.386522E-01  -0.712661E-01  -0.728948E-01   0.601100E-01
  0.102960E+07  -0.631053E-01   0.186651E+00  -0.570838E-01   0.105992E+00  -0.246110E+00  -0.301215E+00  -0.350608E+00   0.822531E-01   0.399337E-01   0.470073E-01   0.332407E-01   0.192505E-02   0.173181E-02   0.579313E-01  -0.205738E+00   0.328373E-01   0.331726E-01  -0.885820E-01  -0.114222E+00  -0.108692E+00   0.459856E-02   0.724127E-01   0.593545E-01  -0.592875E-01  -0.590037E-01  -0.171336E+00  -0.173265E+00  -0.101722E+00  -0.791640E-01  -0.850685E-01  -0.679716E-01  -0.459320E-01  -0.173265E+00  -0.113275E+00  -0.152509E+00  -0.154719E+00   0.981957E-01  -0.154058E+00  -0.648248E-01  -0.600802E-01  -0.570326E-01  -0.747063E-01  -0.827838E-01  -0.599046E-01  -0.651813E-01  -0.802213E-01  -0.955228E-01  -0.719712E-01  -0.653415E-01  -0.922734E-01  -0.101388E+00  -0.105841E+00  -0.110754E+00  -0.121778E+00  -0.130174E+00  -0.151293E+00  -0.168578E+00  -0.169053E+00  -0.197709E+00  -0.199407E+00  -0.607078E-01
  0.103320E+07  -0.344607E-01   0.156914E+00  -0.644256E-01   0.964949E-01  -0.279186E+00  -0.309167E+00  -0.352614E+00   0.413101E-01   0.884042E-01   0.646598E-01   0.342347E-01   0.883287E-01  -0.330651E-01   0.380160E-01  -0.261867E+00   0.234339E-02   0.263358E-02  -0.158588E+00  -0.224791E+00  -0.222777E+00  -0.453586E-01  -0.345468E-02  -0.144237E-01  -0.157601E+00  -0.160185E+00  -0.242701E+00  -0.244233E+00  -0.202532E+00  -0.176644E+00  -0.179130E+00  -0.168202E+00  -0.133404E+00  -0.244233E+00  -0.204384E+00  -0.221003E+00  -0.234371E+00   0.897496E-01  -0.213673E+00  -0.169056E+00  -0.159576E+00  -0.156942E+00  -0.175867E+00  -0.184347E+00  -0.158923E+00  -0.164951E+00  -0.179832E+00  -0.193727E+00  -0.171842E+00  -0.165168E+00  -0.188605E+00  -0.195738E+00  -0.200302E+00  -0.201550E+00  -0.211222E+00  -0.215114E+00  -0.233892E+00  -0.240318E+00  -0.241516E+00  -0.258680E+00  -0.260367E+00  -0.161588E+00
  0.103680E+07  -0.503368E-02   0.947605E-01  -0.316436E-01   0.610995E-01  -0.223879E+00  -0.224473E+00  -0.254352E+00   0.244976E-01   0.108120E+00   0.751722E-01   0.354288E-01   0.134744E+00  -0.485648E-01   0.261300E-01  -0.228615E+00  -0.162895E-01  -0.160717E-01  -0.175254E+00  -0.271096E+00  -0.274453E+00  -0.767446E-01  -0.701645E-01  -0.788993E-01  -0.231192E+00  -0.223112E+00  -0.227460E+00  -0.227463E+00  -0.253140E+00  -0.225129E+00  -0.187748E+00  -0.227091E+00  -0.180717E+00  -0.227463E+00  -0.230545E+00  -0.216190E+00  -0.233518E+00   0.536595E-01  -0.218665E+00  -0.236134E+00  -0.223149E+00  -0.220581E+00  -0.235725E+00  -0.241992E+00  -0.217638E+00  -0.223262E+00  -0.235854E+00  -0.242514E+00  -0.229955E+00  -0.223310E+00  -0.235058E+00  -0.236073E+00  -0.240285E+00  -0.233723E+00  -0.237620E+00  -0.230886E+00  -0.239950E+00  -0.226697E+00  -0.227473E+00  -0.226333E+00  -0.228019E+00  -0.225250E+00
  0.104040E+07   0.220841E-01   0.498551E-01   0.375852E-01   0.702752E-02  -0.911626E-01  -0.719892E-01  -0.854333E-01   0.416431E-01   0.115213E+00   0.912084E-01   0.364690E-01   0.142972E+00  -0.389643E-01   0.179659E-01  -0.101984E+00  -0.190809E-01  -0.189386E-01  -0.998367E-01  -0.191965E+00  -0.199255E+00  -0.739005E-01  -0.107680E+00  -0.111305E+00  -0.204669E+00  -0.189486E+00  -0.975865E-01  -0.967416E-01  -0.212904E+00  -0.162741E+00  -0.163654E+00  -0.182734E+00  -0.138918E+00  -0.967416E-01  -0.141078E+00  -0.100831E+00  -0.115814E+00   0.329156E-01  -0.186816E+00  -0.218185E+00  -0.192408E+00  -0.190760E+00  -0.197038E+00  -0.203784E+00  -0.178932E+00  -0.178277E+00  -0.188355E+00  -0.190183E+00  -0.183995E+00  -0.178293E+00  -0.171301E+00  -0.165472E+00  -0.173603E+00  -0.149340E+00  -0.152615E+00  -0.129054E+00  -0.133771E+00  -0.981015E-01  -0.982146E-01  -0.900808E-01  -0.930455E-01  -0.194003E+00
  0.104400E+07   0.413464E-01   0.414336E-01   0.143023E+00   0.103925E-02   0.690448E-01   0.108493E+00   0.106515E+00   0.918964E-01   0.124670E+00   0.117546E+00   0.370765E-01   0.126391E+00   0.136132E-01   0.245023E-01   0.628355E-01   0.113933E-01   0.114435E-01   0.355318E-01  -0.456699E-01  -0.561269E-01   0.151146E-01  -0.828977E-01  -0.817817E-01  -0.502146E-01  -0.416952E-01   0.513815E-01   0.528661E-01  -0.806359E-01  -0.253734E-01  -0.259041E-01  -0.407342E-01  -0.279525E-01   0.528661E-01  -0.136573E-02   0.410332E-01   0.313715E-01  -0.713009E-02  -0.568622E-01  -0.725936E-01  -0.470859E-01  -0.478825E-01  -0.542883E-01  -0.622491E-01  -0.381822E-01  -0.365345E-01  -0.474403E-01  -0.514942E-01  -0.425056E-01  -0.376588E-01  -0.325922E-01  -0.267728E-01  -0.351848E-01  -0.103740E-01  -0.129932E-01   0.120127E-01   0.124558E-01   0.502978E-01   0.500044E-01   0.646680E-01   0.612345E-01  -0.497262E-01
  0.104760E+07   0.470825E-01   0.659671E-01   0.247628E+00   0.610327E-01   0.223736E+00   0.266201E+00   0.268603E+00   0.171727E+00   0.144536E+00   0.154119E+00   0.372561E-01   0.117378E+00   0.101314E+00   0.777033E-01   0.211359E+00   0.954882E-01   0.955832E-01   0.160777E+00   0.124208E+00   0.116369E+00   0.125451E+00  -0.792987E-02   0.268879E-02   0.113415E+00   0.126558E+00   0.220840E+00   0.220739E+00   0.903169E-01   0.140513E+00   0.140986E+00   0.128753E+00   0.135608E+00   0.220739E+00   0.168125E+00   0.187053E+00   0.195862E+00   0.907091E-01   0.815317E-01   0.963538E-01   0.120890E+00   0.119795E+00   0.116097E+00   0.108323E+00   0.131324E+00   0.132699E+00   0.122685E+00   0.118848E+00   0.127066E+00   0.133458E+00   0.135846E+00   0.141647E+00   0.134154E+00   0.156824E+00   0.155575E+00   0.178587E+00   0.180830E+00   0.217859E+00   0.218600E+00   0.229882E+00   0.226184E+00   0.119598E+00
  0.105120E+07   0.442758E-01   0.125312E+00   0.337336E+00   0.102407E+00   0.350961E+00   0.358363E+00   0.355666E+00   0.277500E+00   0.180011E+00   0.204776E+00   0.372609E-01   0.136833E+00   0.170825E+00   0.134781E+00   0.337722E+00   0.161701E+00   0.161786E+00   0.279752E+00   0.290004E+00   0.282547E+00   0.199124E+00   0.958337E-01   0.112280E+00   0.262219E+00   0.274080E+00   0.363413E+00   0.363158E+00   0.239237E+00   0.290056E+00   0.291067E+00   0.277203E+00   0.283728E+00   0.363158E+00   0.314232E+00   0.322245E+00   0.339942E+00   0.300393E+00   0.218992E+00   0.245725E+00   0.266959E+00   0.265864E+00   0.265321E+00   0.258053E+00   0.278397E+00   0.280494E+00   0.272136E+00   0.268352E+00   0.276044E+00   0.280364E+00   0.285489E+00   0.290919E+00   0.283129E+00   0.303714E+00   0.303420E+00   0.323683E+00   0.325826E+00   0.361070E+00   0.361806E+00   0.365566E+00   0.361564E+00   0.267543E+00
  0.105480E+07   0.499720E-01   0.223670E+00   0.395054E+00   0.131564E+00   0.392176E+00   0.362094E+00   0.342668E+00   0.393280E+00   0.231908E+00   0.270984E+00   0.371880E-01   0.188099E+00   0.213941E+00   0.166933E+00   0.387184E+00   0.203505E+00   0.203612E+00   0.376982E+00   0.407083E+00   0.403143E+00   0.262743E+00   0.199699E+00   0.217003E+00   0.380191E+00   0.390200E+00   0.428644E+00   0.427817E+00   0.347798E+00   0.401511E+00   0.400196E+00   0.392837E+00   0.398193E+00   0.427817E+00   0.409231E+00   0.391571E+00   0.420668E+00   0.404349E+00   0.323055E+00   0.364908E+00   0.383727E+00   0.383081E+00   0.380780E+00   0.371838E+00   0.394366E+00   0.396124E+00   0.385473E+00   0.376767E+00   0.391058E+00   0.395828E+00   0.393736E+00   0.395470E+00   0.386180E+00   0.403667E+00   0.398363E+00   0.413251E+00   0.408573E+00   0.427657E+00   0.428096E+00   0.419317E+00   0.414916E+00   0.385030E+00
  0.105840E+07   0.685580E-01   0.335968E+00   0.402391E+00   0.181765E+00   0.324623E+00   0.267388E+00   0.229709E+00   0.493312E+00   0.308977E+00   0.355280E+00   0.369927E-01   0.268800E+00   0.230503E+00   0.184528E+00   0.344438E+00   0.224278E+00   0.224439E+00   0.357069E+00   0.407121E+00   0.406068E+00   0.288669E+00   0.277912E+00   0.292981E+00   0.427241E+00   0.431945E+00   0.397799E+00   0.395961E+00   0.377908E+00   0.429755E+00   0.425169E+00   0.429923E+00   0.431774E+00   0.395961E+00   0.416567E+00   0.373334E+00   0.407170E+00   0.421790E+00   0.356637E+00   0.413458E+00   0.428324E+00   0.427568E+00   0.419799E+00   0.409519E+00   0.432891E+00   0.432914E+00   0.420195E+00   0.405863E+00   0.427262E+00   0.431865E+00   0.419759E+00   0.416574E+00   0.406915E+00   0.417309E+00   0.406998E+00   0.412840E+00   0.400390E+00   0.399055E+00   0.398663E+00   0.373219E+00   0.369574E+00   0.428161E+00
  0.106200E+07   0.958536E-01   0.428830E+00   0.356322E+00   0.264737E+00   0.174328E+00   0.991290E-01   0.434116E-01   0.539676E+00   0.401743E+00   0.438797E+00   0.366194E-01   0.366843E+00   0.212979E+00   0.184961E+00   0.220671E+00   0.215717E+00   0.215945E+00   0.257666E+00   0.291779E+00   0.299188E+00   0.256956E+00   0.297151E+00   0.298296E+00   0.350720E+00   0.347804E+00   0.263466E+00   0.261203E+00   0.301881E+00   0.330545E+00   0.323918E+00   0.340594E+00   0.338296E+00   0.261203E+00   0.300374E+00   0.263007E+00   0.277713E+00   0.314113E+00   0.257090E+00   0.343017E+00   0.350609E+00   0.349483E+00   0.335095E+00   0.326865E+00   0.344987E+00   0.342819E+00   0.330324E+00   0.315250E+00   0.337368E+00   0.341173E+00   0.320588E+00   0.313296E+00   0.307179E+00   0.306424E+00   0.296395E+00   0.292370E+00   0.278844E+00   0.266142E+00   0.264734E+00   0.235883E+00   0.233465E+00   0.346953E+00
  0.106560E+07   0.131896E+00   0.476603E+00   0.241597E+00   0.330968E+00  -0.475698E-02  -0.101076E+00  -0.171481E+00   0.512669E+00   0.481891E+00   0.489162E+00   0.362632E-01   0.462985E+00   0.153436E+00   0.163574E+00   0.607685E-01   0.168293E+00   0.168587E+00   0.125985E+00   0.150618E+00   0.155696E+00   0.156390E+00   0.238150E+00   0.224937E+00   0.193531E+00   0.194333E+00   0.994567E-01   0.989922E-01   0.155549E+00   0.179996E+00   0.174170E+00   0.189107E+00   0.187370E+00   0.989922E-01   0.144561E+00   0.105217E+00   0.112664E+00   0.170334E+00   0.103761E+00   0.189506E+00   0.195879E+00   0.196827E+00   0.183183E+00   0.175233E+00   0.193452E+00   0.191484E+00   0.178942E+00   0.164108E+00   0.186038E+00   0.190181E+00   0.168874E+00   0.160589E+00   0.155253E+00   0.151612E+00   0.141944E+00   0.135469E+00   0.117557E+00   0.100721E+00   0.100866E+00   0.676463E-01   0.657508E-01   0.194158E+00
  0.106920E+07   0.174564E+00   0.458403E+00   0.102735E+00   0.262280E+00  -0.180896E+00  -0.287445E+00  -0.361532E+00   0.413706E+00   0.519147E+00   0.482637E+00   0.361347E-01   0.533872E+00   0.656123E-01   0.108409E+00  -0.111721E+00   0.885196E-01   0.887408E-01  -0.241901E-02  -0.326234E-02   0.300468E-02   0.659577E-01   0.145631E+00   0.127489E+00   0.424960E-01   0.406435E-01  -0.732328E-01  -0.759291E-01   0.509830E-02   0.207328E-01   0.140092E-01   0.333292E-01   0.451712E-01  -0.759291E-01  -0.125983E-01  -0.601871E-01  -0.558168E-01   0.105632E+00  -0.675250E-01   0.413529E-01   0.403297E-01   0.435061E-01   0.295580E-01   0.230502E-01   0.399544E-01   0.356317E-01   0.233720E-01   0.917320E-02   0.300703E-01   0.354675E-01   0.100613E-01   0.587414E-03  -0.281396E-02  -0.103851E-01  -0.202800E-01  -0.301171E-01  -0.506215E-01  -0.719599E-01  -0.714639E-01  -0.105138E+00  -0.106863E+00   0.412919E-01
  0.107280E+07   0.218297E+00   0.348109E+00  -0.337918E-01   0.196814E+00  -0.322527E+00  -0.415665E+00  -0.479348E+00   0.264627E+00   0.489016E+00   0.414459E+00   0.363393E-01   0.545560E+00   0.252377E-02   0.681888E-01  -0.261795E+00   0.378100E-01   0.381141E-01  -0.116835E+00  -0.152216E+00  -0.144879E+00  -0.507748E-03   0.572884E-01   0.447384E-01  -0.957445E-01  -0.901589E-01  -0.223563E+00  -0.226150E+00  -0.131974E+00  -0.113281E+00  -0.117526E+00  -0.998715E-01  -0.741264E-01  -0.226150E+00  -0.151951E+00  -0.197765E+00  -0.203054E+00   0.987602E-01  -0.207181E+00  -0.946090E-01  -0.905047E-01  -0.877429E-01  -0.105070E+00  -0.113093E+00  -0.919359E-01  -0.958132E-01  -0.110948E+00  -0.127105E+00  -0.103298E+00  -0.974554E-01  -0.124774E+00  -0.135260E+00  -0.139398E+00  -0.147500E+00  -0.159238E+00  -0.171652E+00  -0.196407E+00  -0.220976E+00  -0.221807E+00  -0.255825E+00  -0.257502E+00  -0.913672E-01
  0.107640E+07   0.252290E+00   0.164680E+00  -0.147822E+00   0.109657E+00  -0.397186E+00  -0.451198E+00  -0.492909E+00   0.874886E-01   0.402164E+00   0.306959E+00   0.369319E-01   0.473770E+00  -0.411515E-01   0.435915E-01  -0.358456E+00   0.433425E-03   0.706205E-03  -0.210571E+00  -0.283262E+00  -0.277482E+00  -0.591157E-01  -0.279436E-01  -0.381211E-01  -0.216394E+00  -0.208951E+00  -0.333519E+00  -0.335571E+00  -0.253058E+00  -0.211355E+00  -0.194221E+00  -0.218340E+00  -0.178511E+00  -0.335571E+00  -0.269658E+00  -0.291253E+00  -0.316867E+00   0.867759E-01  -0.296291E+00  -0.215478E+00  -0.208051E+00  -0.204847E+00  -0.225198E+00  -0.233850E+00  -0.208317E+00  -0.215314E+00  -0.231074E+00  -0.246960E+00  -0.222395E+00  -0.215361E+00  -0.244028E+00  -0.253754E+00  -0.257979E+00  -0.263978E+00  -0.275723E+00  -0.286888E+00  -0.311154E+00  -0.329073E+00  -0.331901E+00  -0.357779E+00  -0.359257E+00  -0.209854E+00
  0.108000E+07   0.259338E+00  -0.457820E-01  -0.227346E+00  -0.166447E-01  -0.384097E+00  -0.384814E+00  -0.395909E+00  -0.932120E-01   0.276807E+00   0.167670E+00   0.376899E-01   0.337996E+00  -0.724854E-01   0.222080E-01  -0.374261E+00  -0.307079E-01  -0.304894E-01  -0.266034E+00  -0.372833E+00  -0.370958E+00  -0.108977E+00  -0.104352E+00  -0.114475E+00  -0.315230E+00  -0.303526E+00  -0.375265E+00  -0.376126E+00  -0.342669E+00  -0.317334E+00  -0.213004E+00  -0.311643E+00  -0.252451E+00  -0.376126E+00  -0.344283E+00  -0.331952E+00  -0.371290E+00   0.114227E+00  -0.339618E+00  -0.313729E+00  -0.303073E+00  -0.300002E+00  -0.319717E+00  -0.327526E+00  -0.293614E+00  -0.307695E+00  -0.323082E+00  -0.335191E+00  -0.315220E+00  -0.307905E+00  -0.330257E+00  -0.336536E+00  -0.340479E+00  -0.341213E+00  -0.349867E+00  -0.353522E+00  -0.370745E+00  -0.370987E+00  -0.374473E+00  -0.383156E+00  -0.384429E+00  -0.305805E+00
  0.108360E+07   0.223757E+00  -0.239570E+00  -0.242737E+00  -0.167650E+00  -0.279447E+00  -0.230973E+00  -0.207300E+00  -0.254901E+00   0.127169E+00   0.137552E-01   0.385850E-01   0.180206E+00  -0.874937E-01   0.795660E-03  -0.287551E+00  -0.527629E-01  -0.525842E-01  -0.253359E+00  -0.362328E+00  -0.368411E+00  -0.141691E+00  -0.163930E+00  -0.172969E+00  -0.352999E+00  -0.346293E+00  -0.299946E+00  -0.299046E+00  -0.366934E+00  -0.337550E+00  -0.216197E+00  -0.347140E+00  -0.275320E+00  -0.299046E+00  -0.329772E+00  -0.286136E+00  -0.315817E+00   0.114050E+00  -0.329543E+00  -0.363043E+00  -0.352942E+00  -0.350181E+00  -0.357557E+00  -0.362058E+00  -0.320873E+00  -0.342284E+00  -0.354517E+00  -0.356204E+00  -0.349666E+00  -0.342379E+00  -0.347029E+00  -0.344543E+00  -0.348152E+00  -0.334892E+00  -0.337383E+00  -0.322249E+00  -0.327327E+00  -0.299622E+00  -0.300731E+00  -0.289834E+00  -0.291790E+00  -0.350008E+00
  0.108720E+07   0.179593E+00  -0.388790E+00  -0.208840E+00  -0.264042E+00  -0.110620E+00  -0.244035E-01   0.300641E-01  -0.365329E+00  -0.229355E-01  -0.131869E+00   0.396404E-01   0.268326E-01  -0.725809E-01  -0.142508E-01  -0.114415E+00  -0.548515E-01  -0.547233E-01  -0.135714E+00  -0.237325E+00  -0.247695E+00  -0.122467E+00  -0.188037E+00  -0.191659E+00  -0.274878E+00  -0.248700E+00  -0.133968E+00  -0.132988E+00  -0.288040E+00  -0.218138E+00  -0.188410E+00  -0.240913E+00  -0.187549E+00  -0.132988E+00  -0.194005E+00  -0.137098E+00  -0.157521E+00   0.745897E-01  -0.264840E+00  -0.293408E+00  -0.251045E+00  -0.251629E+00  -0.261788E+00  -0.272434E+00  -0.234056E+00  -0.234566E+00  -0.250905E+00  -0.255808E+00  -0.243607E+00  -0.236038E+00  -0.229898E+00  -0.223128E+00  -0.234387E+00  -0.204162E+00  -0.208266E+00  -0.178043E+00  -0.180824E+00  -0.134043E+00  -0.134699E+00  -0.121221E+00  -0.125016E+00  -0.255252E+00
  0.109080E+07   0.137553E+00  -0.475719E+00  -0.152771E+00  -0.262456E+00   0.622818E-01   0.187299E+00   0.262655E+00  -0.416091E+00  -0.163996E+00  -0.255666E+00   0.407679E-01  -0.120057E+00  -0.820675E-02  -0.349367E-02   0.573450E-01  -0.142576E-01  -0.142054E-01   0.124558E-01  -0.659024E-01  -0.749585E-01  -0.524773E-02  -0.140916E+00  -0.139666E+00  -0.927175E-01  -0.827044E-01   0.405195E-01   0.420793E-01  -0.121382E+00  -0.602927E-01  -0.618036E-01  -0.784518E-01  -0.597668E-01   0.420793E-01  -0.301852E-01   0.203902E-01   0.134830E-01   0.250931E-01  -0.950136E-01  -0.109922E+00  -0.842888E-01  -0.856211E-01  -0.944109E-01  -0.102311E+00  -0.738810E-01  -0.729100E-01  -0.871905E-01  -0.909919E-01  -0.809981E-01  -0.743727E-01  -0.697991E-01  -0.625266E-01  -0.724086E-01  -0.417437E-01  -0.447803E-01  -0.126860E-01  -0.109455E-01   0.389136E-01   0.388184E-01   0.558622E-01   0.516845E-01  -0.878163E-01
  0.109440E+07   0.951416E-01  -0.473122E+00  -0.847088E-01  -0.232300E+00   0.234359E+00   0.356853E+00   0.437043E+00  -0.397095E+00  -0.283202E+00  -0.342002E+00   0.418295E-01  -0.249971E+00   0.833082E-01   0.590734E-01   0.221591E+00   0.769642E-01   0.770659E-01   0.150723E+00   0.125400E+00   0.117349E+00   0.103558E+00  -0.404623E-01  -0.305454E-01   0.919962E-01   0.109722E+00   0.227449E+00   0.227252E+00   0.686337E-01   0.127955E+00   0.129442E+00   0.112668E+00   0.114818E+00   0.227252E+00   0.162729E+00   0.186881E+00   0.196521E+00   0.109351E+00   0.610288E-01   0.713202E-01   0.103363E+00   0.100637E+00   0.957988E-01   0.866721E-01   0.116232E+00   0.117453E+00   0.104724E+00   0.100209E+00   0.110593E+00   0.116431E+00   0.121902E+00   0.129196E+00   0.119487E+00   0.145054E+00   0.146724E+00   0.175591E+00   0.177749E+00   0.224027E+00   0.224862E+00   0.238340E+00   0.234001E+00   0.100089E+00
  0.109800E+07   0.532638E-01  -0.377635E+00  -0.212949E-01  -0.212409E+00   0.360888E+00   0.441262E+00   0.516437E+00  -0.316852E+00  -0.362072E+00  -0.372731E+00   0.427518E-01  -0.353273E+00   0.151499E+00   0.111678E+00   0.349297E+00   0.140166E+00   0.140257E+00   0.274062E+00   0.307133E+00   0.300691E+00   0.182984E+00   0.704290E-01   0.864932E-01   0.255356E+00   0.268854E+00   0.368741E+00   0.368253E+00   0.231407E+00   0.285974E+00   0.286273E+00   0.271871E+00   0.279328E+00   0.368253E+00   0.311771E+00   0.323721E+00   0.341175E+00   0.296990E+00   0.202450E+00   0.236811E+00   0.260739E+00   0.259333E+00   0.257932E+00   0.250006E+00   0.273856E+00   0.275946E+00   0.265299E+00   0.260952E+00   0.270204E+00   0.275626E+00   0.279987E+00   0.285856E+00   0.277026E+00   0.300164E+00   0.299527E+00   0.322310E+00   0.324830E+00   0.366287E+00   0.367080E+00   0.370862E+00   0.366818E+00   0.260959E+00
  0.110160E+07   0.130256E-01  -0.247565E+00   0.254742E-01  -0.182769E+00   0.396729E+00   0.430260E+00   0.485483E+00  -0.208838E+00  -0.383398E+00  -0.340027E+00   0.434407E-01  -0.412547E+00   0.195422E+00   0.143831E+00   0.394090E+00   0.183443E+00   0.183570E+00   0.371875E+00   0.428957E+00   0.428365E+00   0.247110E+00   0.176612E+00   0.194060E+00   0.376057E+00   0.387111E+00   0.428808E+00   0.427834E+00   0.343316E+00   0.399873E+00   0.397797E+00   0.389990E+00   0.396433E+00   0.427834E+00   0.407122E+00   0.388805E+00   0.419645E+00   0.402110E+00   0.316026E+00   0.359556E+00   0.380293E+00   0.379453E+00   0.375871E+00   0.366311E+00   0.392174E+00   0.394179E+00   0.380955E+00   0.371419E+00   0.387672E+00   0.393773E+00   0.390089E+00   0.391838E+00   0.381440E+00   0.400982E+00   0.394690E+00   0.411475E+00   0.405757E+00   0.427809E+00   0.428224E+00   0.418597E+00   0.413867E+00   0.381271E+00
  0.110520E+07  -0.239513E-01  -0.125820E+00   0.489854E-01  -0.157347E+00   0.328045E+00   0.330020E+00   0.356113E+00  -0.106871E+00  -0.333923E+00  -0.263577E+00   0.441930E-01  -0.404172E+00   0.213298E+00   0.162130E+00   0.346776E+00   0.205672E+00   0.205847E+00   0.345922E+00   0.422929E+00   0.425025E+00   0.272861E+00   0.255345E+00   0.270554E+00   0.416554E+00   0.422529E+00   0.388805E+00   0.386825E+00   0.369387E+00   0.420836E+00   0.415686E+00   0.420393E+00   0.422947E+00   0.386825E+00   0.406661E+00   0.362295E+00   0.397467E+00   0.412404E+00   0.325398E+00   0.401651E+00   0.418595E+00   0.417740E+00   0.408662E+00   0.398008E+00   0.423956E+00   0.424108E+00   0.409294E+00   0.394320E+00   0.417278E+00   0.422870E+00   0.409326E+00   0.406028E+00   0.395602E+00   0.407246E+00   0.396096E+00   0.402970E+00   0.389657E+00   0.390113E+00   0.389685E+00   0.364475E+00   0.360629E+00   0.418047E+00
  0.110880E+07  -0.542771E-01  -0.174479E-01   0.559657E-01  -0.102809E+00   0.177728E+00   0.165007E+00   0.161266E+00  -0.194260E-01  -0.253478E+00  -0.175732E+00   0.447472E-01  -0.335657E+00   0.195359E+00   0.164119E+00   0.212498E+00   0.197311E+00   0.197540E+00   0.241931E+00   0.298472E+00   0.307061E+00   0.238744E+00   0.272846E+00   0.274237E+00   0.338295E+00   0.334527E+00   0.248949E+00   0.247064E+00   0.293503E+00   0.316025E+00   0.308704E+00   0.326887E+00   0.324451E+00   0.247064E+00   0.285847E+00   0.247237E+00   0.264082E+00   0.299740E+00   0.242953E+00   0.331791E+00   0.337499E+00   0.336359E+00   0.321819E+00   0.314620E+00   0.331713E+00   0.329358E+00   0.316588E+00   0.302478E+00   0.323497E+00   0.327180E+00   0.306295E+00   0.299006E+00   0.293671E+00   0.291946E+00   0.282255E+00   0.277984E+00   0.265109E+00   0.251944E+00   0.250582E+00   0.223145E+00   0.220986E+00   0.333832E+00
  0.111240E+07  -0.695533E-01   0.903991E-01   0.361695E-01   0.148757E-01   0.194930E-01  -0.180128E-01  -0.501369E-01   0.372760E-01  -0.156309E+00  -0.894329E-01   0.455075E-01  -0.237262E+00   0.138394E+00   0.144205E+00   0.646904E-01   0.150622E+00   0.150874E+00   0.118496E+00   0.156391E+00   0.161256E+00   0.138285E+00   0.223566E+00   0.212982E+00   0.185296E+00   0.185289E+00   0.100540E+00   0.975724E-01   0.153823E+00   0.171310E+00   0.165154E+00   0.180106E+00   0.178553E+00   0.975724E-01   0.139557E+00   0.106033E+00   0.111901E+00   0.162709E+00   0.104996E+00   0.182531E+00   0.187068E+00   0.187503E+00   0.174640E+00   0.168215E+00   0.184388E+00   0.182625E+00   0.170484E+00   0.157653E+00   0.177069E+00   0.180867E+00   0.161034E+00   0.153540E+00   0.149153E+00   0.145610E+00   0.137060E+00   0.132102E+00   0.115947E+00   0.102422E+00   0.102108E+00   0.727144E-01   0.712404E-01   0.184790E+00
  0.111600E+07  -0.598863E-01   0.175347E+00  -0.170034E-01   0.101883E+00  -0.127355E+00  -0.182922E+00  -0.227255E+00   0.558458E-01  -0.558207E-01  -0.119863E-01   0.461807E-01  -0.119969E+00   0.564011E-01   0.939304E-01  -0.812214E-01   0.747961E-01   0.749790E-01   0.439131E-02   0.120958E-01   0.173201E-01   0.551091E-01   0.142129E+00   0.124869E+00   0.435601E-01   0.410389E-01  -0.501183E-01  -0.538416E-01   0.147415E-01   0.230887E-01   0.171810E-01   0.341596E-01   0.458858E-01  -0.538416E-01  -0.298065E-02  -0.399733E-01  -0.365812E-01   0.106424E+00  -0.340044E-01   0.441151E-01   0.413695E-01   0.438325E-01   0.315817E-01   0.269883E-01   0.401860E-01   0.365988E-01   0.259877E-01   0.148873E-01   0.312978E-01   0.366836E-01   0.146885E-01   0.695023E-02   0.457024E-02  -0.194037E-02  -0.974767E-02  -0.185028E-01  -0.332759E-01  -0.483876E-01  -0.480813E-01  -0.751328E-01  -0.763003E-01   0.415216E-01
  0.111960E+07  -0.332052E-01   0.217605E+00  -0.466843E-01   0.808407E-01  -0.231312E+00  -0.279989E+00  -0.328506E+00   0.467753E-01   0.208117E-01   0.423599E-01   0.468044E-01  -0.191068E-01  -0.918679E-03   0.555030E-01  -0.197807E+00   0.283421E-01   0.286127E-01  -0.930495E-01  -0.120946E+00  -0.115486E+00  -0.251512E-02   0.593277E-01   0.488952E-01  -0.793827E-01  -0.753503E-01  -0.173260E+00  -0.175136E+00  -0.100369E+00  -0.932581E-01  -0.977324E-01  -0.828730E-01  -0.590485E-01  -0.175136E+00  -0.122280E+00  -0.157419E+00  -0.158704E+00   0.105969E+00  -0.147107E+00  -0.744512E-01  -0.758201E-01  -0.727486E-01  -0.855251E-01  -0.901008E-01  -0.770872E-01  -0.793482E-01  -0.908982E-01  -0.101544E+00  -0.856182E-01  -0.813651E-01  -0.102244E+00  -0.110050E+00  -0.111939E+00  -0.119651E+00  -0.127376E+00  -0.137855E+00  -0.153774E+00  -0.171789E+00  -0.171812E+00  -0.193876E+00  -0.194557E+00  -0.753342E-01
  0.112320E+07  -0.334674E-02   0.209000E+00  -0.478505E-01   0.758581E-01  -0.263267E+00  -0.288973E+00  -0.332469E+00   0.326252E-01   0.741162E-01   0.717660E-01   0.474885E-01   0.609916E-01  -0.331932E-01   0.367913E-01  -0.251244E+00  -0.195141E-03   0.217400E-04  -0.160409E+00  -0.225078E+00  -0.223035E+00  -0.506882E-01  -0.154818E-01  -0.222997E-01  -0.177806E+00  -0.173121E+00  -0.243499E+00  -0.244530E+00  -0.192846E+00  -0.187987E+00  -0.180950E+00  -0.179623E+00  -0.144309E+00  -0.244530E+00  -0.210603E+00  -0.224224E+00  -0.235753E+00   0.105202E+00  -0.201906E+00  -0.172951E+00  -0.172429E+00  -0.169261E+00  -0.181926E+00  -0.185746E+00  -0.174718E+00  -0.178044E+00  -0.186252E+00  -0.194192E+00  -0.181927E+00  -0.178421E+00  -0.195178E+00  -0.201028E+00  -0.201679E+00  -0.207855E+00  -0.213035E+00  -0.220097E+00  -0.232403E+00  -0.241920E+00  -0.242582E+00  -0.252497E+00  -0.252805E+00  -0.172687E+00
